,ID,NAME,TYPE,BASE STAT,HP,ATTACK,DEFENSE,SP ATTACK,SP DEFENSE,SPEED
0,1,Bulbasaur,Grass Poison,318.0,45.0,49.0,49.0,65.0,65.0,45.0
1,2,Ivysaur,Grass Poison,405.0,60.0,62.0,63.0,80.0,80.0,60.0
2,3,Venusaur,Grass Poison,525.0,80.0,82.0,83.0,100.0,100.0,80.0
3,4,Charmander,Fire ,309.0,39.0,52.0,43.0,60.0,50.0,65.0
4,5,Charmeleon,Fire ,405.0,58.0,64.0,58.0,80.0,65.0,80.0
5,6,Charizard,Fire Flying,534.0,78.0,84.0,78.0,109.0,85.0,100.0
6,7,Squirtle,Water ,314.0,44.0,48.0,65.0,50.0,64.0,43.0
7,8,Wartortle,Water ,405.0,59.0,63.0,80.0,65.0,80.0,58.0
8,9,Blastoise,Water ,530.0,79.0,83.0,100.0,85.0,105.0,78.0
9,10,Caterpie,Bug ,195.0,45.0,30.0,35.0,20.0,20.0,45.0
10,11,Metapod,Bug ,205.0,50.0,20.0,55.0,25.0,25.0,30.0
11,12,Butterfree,Bug Flying,395.0,60.0,45.0,50.0,90.0,80.0,70.0
12,13,Weedle,Bug Poison,195.0,40.0,35.0,30.0,20.0,20.0,50.0
13,14,Kakuna,Bug Poison,205.0,45.0,25.0,50.0,25.0,25.0,35.0
14,15,Beedrill,Bug Poison,395.0,65.0,90.0,40.0,45.0,80.0,75.0
15,16,Pidgey,Normal Flying,251.0,40.0,45.0,40.0,35.0,35.0,56.0
16,17,Pidgeotto,Normal Flying,349.0,63.0,60.0,55.0,50.0,50.0,71.0
17,18,Pidgeot,Normal Flying,479.0,83.0,80.0,75.0,70.0,70.0,101.0
18,19,Rattata,Normal ,253.0,30.0,56.0,35.0,25.0,35.0,72.0
19,19,Rattata Alolan Rattata,Dark Normal,253.0,30.0,56.0,35.0,25.0,35.0,72.0
20,20,Raticate,Normal ,413.0,55.0,81.0,60.0,50.0,70.0,97.0
21,20,Raticate Alolan Raticate,Dark Normal,413.0,75.0,71.0,70.0,40.0,80.0,77.0
22,21,Spearow,Normal Flying,262.0,40.0,60.0,30.0,31.0,31.0,70.0
23,22,Fearow,Normal Flying,442.0,65.0,90.0,65.0,61.0,61.0,100.0
24,23,Ekans,Poison ,288.0,35.0,60.0,44.0,40.0,54.0,55.0
25,24,Arbok,Poison ,448.0,60.0,95.0,69.0,65.0,79.0,80.0
26,25,Pikachu,Electric ,320.0,35.0,55.0,40.0,50.0,50.0,90.0
27,25,Pikachu Partner Pikachu,Electric ,430.0,45.0,80.0,50.0,75.0,60.0,120.0
28,26,Raichu,Electric ,485.0,60.0,90.0,55.0,90.0,80.0,110.0
29,26,Raichu Alolan Raichu,Electric Psychic,485.0,60.0,85.0,50.0,95.0,85.0,110.0
30,27,Sandshrew,Ground ,300.0,50.0,75.0,85.0,20.0,30.0,40.0
31,27,Sandshrew Alolan Sandshrew,Ice Steel,300.0,50.0,75.0,90.0,10.0,35.0,40.0
32,28,Sandslash,Ground ,450.0,75.0,100.0,110.0,45.0,55.0,65.0
33,28,Sandslash Alolan Sandslash,Ice Steel,450.0,75.0,100.0,120.0,25.0,65.0,65.0
34,29,Nidoran♀,Poison ,275.0,55.0,47.0,52.0,40.0,40.0,41.0
35,30,Nidorina,Poison ,365.0,70.0,62.0,67.0,55.0,55.0,56.0
36,31,Nidoqueen,Poison Ground,505.0,90.0,92.0,87.0,75.0,85.0,76.0
37,32,Nidoran♂,Poison ,273.0,46.0,57.0,40.0,40.0,40.0,50.0
38,33,Nidorino,Poison ,365.0,61.0,72.0,57.0,55.0,55.0,65.0
39,34,Nidoking,Poison Ground,505.0,81.0,102.0,77.0,85.0,75.0,85.0
40,35,Clefairy,Fairy ,323.0,70.0,45.0,48.0,60.0,65.0,35.0
41,36,Clefable,Fairy ,483.0,95.0,70.0,73.0,95.0,90.0,60.0
42,37,Vulpix,Fire ,299.0,38.0,41.0,40.0,50.0,65.0,65.0
43,37,Vulpix Alolan Vulpix,Ice ,299.0,38.0,41.0,40.0,50.0,65.0,65.0
44,38,Ninetales,Fire ,505.0,73.0,76.0,75.0,81.0,100.0,100.0
45,38,Ninetales Alolan Ninetales,Ice Fairy,505.0,73.0,67.0,75.0,81.0,100.0,109.0
46,39,Jigglypuff,Normal Fairy,270.0,115.0,45.0,20.0,45.0,25.0,20.0
47,40,Wigglytuff,Normal Fairy,435.0,140.0,70.0,45.0,85.0,50.0,45.0
48,41,Zubat,Poison Flying,245.0,40.0,45.0,35.0,30.0,40.0,55.0
49,42,Golbat,Poison Flying,455.0,75.0,80.0,70.0,65.0,75.0,90.0
50,43,Oddish,Grass Poison,320.0,45.0,50.0,55.0,75.0,65.0,30.0
51,44,Gloom,Grass Poison,395.0,60.0,65.0,70.0,85.0,75.0,40.0
52,45,Vileplume,Grass Poison,490.0,75.0,80.0,85.0,110.0,90.0,50.0
53,46,Paras,Bug Grass,285.0,35.0,70.0,55.0,45.0,55.0,25.0
54,47,Parasect,Bug Grass,405.0,60.0,95.0,80.0,60.0,80.0,30.0
55,48,Venonat,Bug Poison,305.0,60.0,55.0,50.0,40.0,55.0,45.0
56,49,Venomoth,Bug Poison,450.0,70.0,65.0,60.0,90.0,75.0,90.0
57,50,Diglett,Ground ,265.0,10.0,55.0,25.0,35.0,45.0,95.0
58,50,Diglett Alolan Diglett,Ground Steel,265.0,10.0,55.0,30.0,35.0,45.0,90.0
59,51,Dugtrio,Ground ,425.0,35.0,100.0,50.0,50.0,70.0,120.0
60,51,Dugtrio Alolan Dugtrio,Ground Steel,425.0,35.0,100.0,60.0,50.0,70.0,110.0
61,52,Meowth,Normal ,290.0,40.0,45.0,35.0,40.0,40.0,90.0
62,52,Meowth Alolan Meowth,Dark ,290.0,40.0,35.0,35.0,50.0,40.0,90.0
63,52,Meowth Galarian Meowth,Steel ,290.0,50.0,65.0,55.0,40.0,40.0,40.0
64,53,Persian,Normal ,440.0,65.0,70.0,60.0,65.0,65.0,115.0
65,53,Persian Alolan Persian,Dark ,440.0,65.0,60.0,60.0,75.0,65.0,115.0
66,54,Psyduck,Water ,320.0,50.0,52.0,48.0,65.0,50.0,55.0
67,55,Golduck,Water ,500.0,80.0,82.0,78.0,95.0,80.0,85.0
68,56,Mankey,Fighting ,305.0,40.0,80.0,35.0,35.0,45.0,70.0
69,57,Primeape,Fighting ,455.0,65.0,105.0,60.0,60.0,70.0,95.0
70,58,Growlithe,Fire ,350.0,55.0,70.0,45.0,70.0,50.0,60.0
71,59,Arcanine,Fire ,555.0,90.0,110.0,80.0,100.0,80.0,95.0
72,60,Poliwag,Water ,300.0,40.0,50.0,40.0,40.0,40.0,90.0
73,61,Poliwhirl,Water ,385.0,65.0,65.0,65.0,50.0,50.0,90.0
74,62,Poliwrath,Water Fighting,510.0,90.0,95.0,95.0,70.0,90.0,70.0
75,63,Abra,Psychic ,310.0,25.0,20.0,15.0,105.0,55.0,90.0
76,64,Kadabra,Psychic ,400.0,40.0,35.0,30.0,120.0,70.0,105.0
77,65,Alakazam,Psychic ,500.0,55.0,50.0,45.0,135.0,95.0,120.0
78,66,Machop,Fighting ,305.0,70.0,80.0,50.0,35.0,35.0,35.0
79,67,Machoke,Fighting ,405.0,80.0,100.0,70.0,50.0,60.0,45.0
80,68,Machamp,Fighting ,505.0,90.0,130.0,80.0,65.0,85.0,55.0
81,69,Bellsprout,Grass Poison,300.0,50.0,75.0,35.0,70.0,30.0,40.0
82,70,Weepinbell,Grass Poison,390.0,65.0,90.0,50.0,85.0,45.0,55.0
83,71,Victreebel,Grass Poison,490.0,80.0,105.0,65.0,100.0,70.0,70.0
84,72,Tentacool,Water Poison,335.0,40.0,40.0,35.0,50.0,100.0,70.0
85,73,Tentacruel,Water Poison,515.0,80.0,70.0,65.0,80.0,120.0,100.0
86,74,Geodude,Rock Ground,300.0,40.0,80.0,100.0,30.0,30.0,20.0
87,74,Geodude Alolan Geodude,Rock Electric,300.0,40.0,80.0,100.0,30.0,30.0,20.0
88,75,Graveler,Rock Ground,390.0,55.0,95.0,115.0,45.0,45.0,35.0
89,75,Graveler Alolan Graveler,Rock Electric,390.0,55.0,95.0,115.0,45.0,45.0,35.0
90,76,Golem,Rock Ground,495.0,80.0,120.0,130.0,55.0,65.0,45.0
91,76,Golem Alolan Golem,Rock Electric,495.0,80.0,120.0,130.0,55.0,65.0,45.0
92,77,Ponyta,Fire ,410.0,50.0,85.0,55.0,65.0,65.0,90.0
93,77,Ponyta Galarian Ponyta,Psychic ,410.0,50.0,85.0,55.0,65.0,65.0,90.0
94,78,Rapidash,Fire ,500.0,65.0,100.0,70.0,80.0,80.0,105.0
95,78,Rapidash Galarian Rapidash,Psychic Fairy,500.0,65.0,100.0,70.0,80.0,80.0,105.0
96,79,Slowpoke,Water Psychic,315.0,90.0,65.0,65.0,40.0,40.0,15.0
97,79,Slowpoke Galarian Slowpoke,Psychic ,315.0,90.0,65.0,65.0,40.0,40.0,15.0
98,80,Slowbro,Water Psychic,490.0,95.0,75.0,110.0,100.0,80.0,30.0
99,80,Slowbro Galarian Slowbro,Poison Psychic,490.0,95.0,100.0,95.0,100.0,70.0,30.0
100,81,Magnemite,Electric Steel,325.0,25.0,35.0,70.0,95.0,55.0,45.0
101,82,Magneton,Electric Steel,465.0,50.0,60.0,95.0,120.0,70.0,70.0
102,83,Farfetch'd,Normal Flying,377.0,52.0,90.0,55.0,58.0,62.0,60.0
103,83,Farfetch'd Galarian Farfetch'd,Fighting ,377.0,52.0,95.0,55.0,58.0,62.0,55.0
104,84,Doduo,Normal Flying,310.0,35.0,85.0,45.0,35.0,35.0,75.0
105,85,Dodrio,Normal Flying,470.0,60.0,110.0,70.0,60.0,60.0,110.0
106,86,Seel,Water ,325.0,65.0,45.0,55.0,45.0,70.0,45.0
107,87,Dewgong,Water Ice,475.0,90.0,70.0,80.0,70.0,95.0,70.0
108,88,Grimer,Poison ,325.0,80.0,80.0,50.0,40.0,50.0,25.0
109,88,Grimer Alolan Grimer,Poison Dark,325.0,80.0,80.0,50.0,40.0,50.0,25.0
110,89,Muk,Poison ,500.0,105.0,105.0,75.0,65.0,100.0,50.0
111,89,Muk Alolan Muk,Poison Dark,500.0,105.0,105.0,75.0,65.0,100.0,50.0
112,90,Shellder,Water ,305.0,30.0,65.0,100.0,45.0,25.0,40.0
113,91,Cloyster,Water Ice,525.0,50.0,95.0,180.0,85.0,45.0,70.0
114,92,Gastly,Ghost Poison,310.0,30.0,35.0,30.0,100.0,35.0,80.0
115,93,Haunter,Ghost Poison,405.0,45.0,50.0,45.0,115.0,55.0,95.0
116,94,Gengar,Ghost Poison,500.0,60.0,65.0,60.0,130.0,75.0,110.0
117,95,Onix,Rock Ground,385.0,35.0,45.0,160.0,30.0,45.0,70.0
118,96,Drowzee,Psychic ,328.0,60.0,48.0,45.0,43.0,90.0,42.0
119,97,Hypno,Psychic ,483.0,85.0,73.0,70.0,73.0,115.0,67.0
120,98,Krabby,Water ,325.0,30.0,105.0,90.0,25.0,25.0,50.0
121,99,Kingler,Water ,475.0,55.0,130.0,115.0,50.0,50.0,75.0
122,100,Voltorb,Electric ,330.0,40.0,30.0,50.0,55.0,55.0,100.0
123,101,Electrode,Electric ,490.0,60.0,50.0,70.0,80.0,80.0,150.0
124,102,Exeggcute,Grass Psychic,325.0,60.0,40.0,80.0,60.0,45.0,40.0
125,103,Exeggutor,Grass Psychic,530.0,95.0,95.0,85.0,125.0,75.0,55.0
126,103,Exeggutor Alolan Exeggutor,Grass Dragon,530.0,95.0,105.0,85.0,125.0,75.0,45.0
127,104,Cubone,Ground ,320.0,50.0,50.0,95.0,40.0,50.0,35.0
128,105,Marowak,Ground ,425.0,60.0,80.0,110.0,50.0,80.0,45.0
129,105,Marowak Alolan Marowak,Fire Ghost,425.0,60.0,80.0,110.0,50.0,80.0,45.0
130,106,Hitmonlee,Fighting ,455.0,50.0,120.0,53.0,35.0,110.0,87.0
131,107,Hitmonchan,Fighting ,455.0,50.0,105.0,79.0,35.0,110.0,76.0
132,108,Lickitung,Normal ,385.0,90.0,55.0,75.0,60.0,75.0,30.0
133,109,Koffing,Poison ,340.0,40.0,65.0,95.0,60.0,45.0,35.0
134,110,Weezing,Poison ,490.0,65.0,90.0,120.0,85.0,70.0,60.0
135,110,Weezing Galarian Weezing,Poison Fairy,490.0,65.0,90.0,120.0,85.0,70.0,60.0
136,111,Rhyhorn,Ground Rock,345.0,80.0,85.0,95.0,30.0,30.0,25.0
137,112,Rhydon,Ground Rock,485.0,105.0,130.0,120.0,45.0,45.0,40.0
138,113,Chansey,Normal ,450.0,250.0,5.0,5.0,35.0,105.0,50.0
139,114,Tangela,Grass ,435.0,65.0,55.0,115.0,100.0,40.0,60.0
140,115,Kangaskhan,Normal ,490.0,105.0,95.0,80.0,40.0,80.0,90.0
141,116,Horsea,Water ,295.0,30.0,40.0,70.0,70.0,25.0,60.0
142,117,Seadra,Water ,440.0,55.0,65.0,95.0,95.0,45.0,85.0
143,118,Goldeen,Water ,320.0,45.0,67.0,60.0,35.0,50.0,63.0
144,119,Seaking,Water ,450.0,80.0,92.0,65.0,65.0,80.0,68.0
145,120,Staryu,Water ,340.0,30.0,45.0,55.0,70.0,55.0,85.0
146,121,Starmie,Water Psychic,520.0,60.0,75.0,85.0,100.0,85.0,115.0
147,122,Mr. Mime,Psychic Fairy,460.0,40.0,45.0,65.0,100.0,120.0,90.0
148,122,Mr. Mime Galarian Mr. Mime,Psychic Ice,460.0,50.0,65.0,65.0,90.0,90.0,100.0
149,123,Scyther,Bug Flying,500.0,70.0,110.0,80.0,55.0,80.0,105.0
150,124,Jynx,Ice Psychic,455.0,65.0,50.0,35.0,115.0,95.0,95.0
151,125,Electabuzz,Electric ,490.0,65.0,83.0,57.0,95.0,85.0,105.0
152,126,Magmar,Fire ,495.0,65.0,95.0,57.0,100.0,85.0,93.0
153,127,Pinsir,Bug ,500.0,65.0,125.0,100.0,55.0,70.0,85.0
154,128,Tauros,Normal ,490.0,75.0,100.0,95.0,40.0,70.0,110.0
155,129,Magikarp,Water ,200.0,20.0,10.0,55.0,15.0,20.0,80.0
156,130,Gyarados,Water Flying,540.0,95.0,125.0,79.0,60.0,100.0,81.0
157,131,Lapras,Water Ice,535.0,130.0,85.0,80.0,85.0,95.0,60.0
158,132,Ditto,Normal ,288.0,48.0,48.0,48.0,48.0,48.0,48.0
159,133,Eevee,Normal ,325.0,55.0,55.0,50.0,45.0,65.0,55.0
160,133,Eevee Partner Eevee,Normal ,435.0,65.0,75.0,70.0,65.0,85.0,75.0
161,134,Vaporeon,Water ,525.0,130.0,65.0,60.0,110.0,95.0,65.0
162,135,Jolteon,Electric ,525.0,65.0,65.0,60.0,110.0,95.0,130.0
163,136,Flareon,Fire ,525.0,65.0,130.0,60.0,95.0,110.0,65.0
164,137,Porygon,Normal ,395.0,65.0,60.0,70.0,85.0,75.0,40.0
165,138,Omanyte,Rock Water,355.0,35.0,40.0,100.0,90.0,55.0,35.0
166,139,Omastar,Rock Water,495.0,70.0,60.0,125.0,115.0,70.0,55.0
167,140,Kabuto,Rock Water,355.0,30.0,80.0,90.0,55.0,45.0,55.0
168,141,Kabutops,Rock Water,495.0,60.0,115.0,105.0,65.0,70.0,80.0
169,142,Aerodactyl,Rock Flying,515.0,80.0,105.0,65.0,60.0,75.0,130.0
170,143,Snorlax,Normal ,540.0,160.0,110.0,65.0,65.0,110.0,30.0
171,144,Articuno,Ice Flying,580.0,90.0,85.0,100.0,95.0,125.0,85.0
172,145,Zapdos,Electric Flying,580.0,90.0,90.0,85.0,125.0,90.0,100.0
173,146,Moltres,Fire Flying,580.0,90.0,100.0,90.0,125.0,85.0,90.0
174,147,Dratini,Dragon ,300.0,41.0,64.0,45.0,50.0,50.0,50.0
175,148,Dragonair,Dragon ,420.0,61.0,84.0,65.0,70.0,70.0,70.0
176,149,Dragonite,Dragon Flying,600.0,91.0,134.0,95.0,100.0,100.0,80.0
177,150,Mewtwo,Psychic ,680.0,106.0,110.0,90.0,154.0,90.0,130.0
178,151,Mew,Psychic ,600.0,100.0,100.0,100.0,100.0,100.0,100.0
179,152,Chikorita,Grass ,318.0,45.0,49.0,65.0,49.0,65.0,45.0
180,153,Bayleef,Grass ,405.0,60.0,62.0,80.0,63.0,80.0,60.0
181,154,Meganium,Grass ,525.0,80.0,82.0,100.0,83.0,100.0,80.0
182,155,Cyndaquil,Fire ,309.0,39.0,52.0,43.0,60.0,50.0,65.0
183,156,Quilava,Fire ,405.0,58.0,64.0,58.0,80.0,65.0,80.0
184,157,Typhlosion,Fire ,534.0,78.0,84.0,78.0,109.0,85.0,100.0
185,158,Totodile,Water ,314.0,50.0,65.0,64.0,44.0,48.0,43.0
186,159,Croconaw,Water ,405.0,65.0,80.0,80.0,59.0,63.0,58.0
187,160,Feraligatr,Water ,530.0,85.0,105.0,100.0,79.0,83.0,78.0
188,161,Sentret,Normal ,215.0,35.0,46.0,34.0,35.0,45.0,20.0
189,162,Furret,Normal ,415.0,85.0,76.0,64.0,45.0,55.0,90.0
190,163,Hoothoot,Normal Flying,262.0,60.0,30.0,30.0,36.0,56.0,50.0
191,164,Noctowl,Normal Flying,452.0,100.0,50.0,50.0,86.0,96.0,70.0
192,165,Ledyba,Bug Flying,265.0,40.0,20.0,30.0,40.0,80.0,55.0
193,166,Ledian,Bug Flying,390.0,55.0,35.0,50.0,55.0,110.0,85.0
194,167,Spinarak,Bug Poison,250.0,40.0,60.0,40.0,40.0,40.0,30.0
195,168,Ariados,Bug Poison,400.0,70.0,90.0,70.0,60.0,70.0,40.0
196,169,Crobat,Poison Flying,535.0,85.0,90.0,80.0,70.0,80.0,130.0
197,170,Chinchou,Water Electric,330.0,75.0,38.0,38.0,56.0,56.0,67.0
198,171,Lanturn,Water Electric,460.0,125.0,58.0,58.0,76.0,76.0,67.0
199,172,Pichu,Electric ,205.0,20.0,40.0,15.0,35.0,35.0,60.0
200,173,Cleffa,Fairy ,218.0,50.0,25.0,28.0,45.0,55.0,15.0
201,174,Igglybuff,Normal Fairy,210.0,90.0,30.0,15.0,40.0,20.0,15.0
202,175,Togepi,Fairy ,245.0,35.0,20.0,65.0,40.0,65.0,20.0
203,176,Togetic,Fairy Flying,405.0,55.0,40.0,85.0,80.0,105.0,40.0
204,177,Natu,Psychic Flying,320.0,40.0,50.0,45.0,70.0,45.0,70.0
205,178,Xatu,Psychic Flying,470.0,65.0,75.0,70.0,95.0,70.0,95.0
206,179,Mareep,Electric ,280.0,55.0,40.0,40.0,65.0,45.0,35.0
207,180,Flaaffy,Electric ,365.0,70.0,55.0,55.0,80.0,60.0,45.0
208,181,Ampharos,Electric ,510.0,90.0,75.0,85.0,115.0,90.0,55.0
209,182,Bellossom,Grass ,490.0,75.0,80.0,95.0,90.0,100.0,50.0
210,183,Marill,Water Fairy,250.0,70.0,20.0,50.0,20.0,50.0,40.0
211,184,Azumarill,Water Fairy,420.0,100.0,50.0,80.0,60.0,80.0,50.0
212,185,Sudowoodo,Rock ,410.0,70.0,100.0,115.0,30.0,65.0,30.0
213,186,Politoed,Water ,500.0,90.0,75.0,75.0,90.0,100.0,70.0
214,187,Hoppip,Grass Flying,250.0,35.0,35.0,40.0,35.0,55.0,50.0
215,188,Skiploom,Grass Flying,340.0,55.0,45.0,50.0,45.0,65.0,80.0
216,189,Jumpluff,Grass Flying,460.0,75.0,55.0,70.0,55.0,95.0,110.0
217,190,Aipom,Normal ,360.0,55.0,70.0,55.0,40.0,55.0,85.0
218,191,Sunkern,Grass ,180.0,30.0,30.0,30.0,30.0,30.0,30.0
219,192,Sunflora,Grass ,425.0,75.0,75.0,55.0,105.0,85.0,30.0
220,193,Yanma,Bug Flying,390.0,65.0,65.0,45.0,75.0,45.0,95.0
221,194,Wooper,Water Ground,210.0,55.0,45.0,45.0,25.0,25.0,15.0
222,195,Quagsire,Water Ground,430.0,95.0,85.0,85.0,65.0,65.0,35.0
223,196,Espeon,Psychic ,525.0,65.0,65.0,60.0,130.0,95.0,110.0
224,197,Umbreon,Dark ,525.0,95.0,65.0,110.0,60.0,130.0,65.0
225,198,Murkrow,Dark Flying,405.0,60.0,85.0,42.0,85.0,42.0,91.0
226,199,Slowking,Water Psychic,490.0,95.0,75.0,80.0,100.0,110.0,30.0
227,200,Misdreavus,Ghost ,435.0,60.0,60.0,60.0,85.0,85.0,85.0
228,201,Unown,Psychic ,336.0,48.0,72.0,48.0,72.0,48.0,48.0
229,202,Wobbuffet,Psychic ,405.0,190.0,33.0,58.0,33.0,58.0,33.0
230,203,Girafarig,Normal Psychic,455.0,70.0,80.0,65.0,90.0,65.0,85.0
231,204,Pineco,Bug ,290.0,50.0,65.0,90.0,35.0,35.0,15.0
232,205,Forretress,Bug Steel,465.0,75.0,90.0,140.0,60.0,60.0,40.0
233,206,Dunsparce,Normal ,415.0,100.0,70.0,70.0,65.0,65.0,45.0
234,207,Gligar,Ground Flying,430.0,65.0,75.0,105.0,35.0,65.0,85.0
235,208,Steelix,Steel Ground,510.0,75.0,85.0,200.0,55.0,65.0,30.0
236,209,Snubbull,Fairy ,300.0,60.0,80.0,50.0,40.0,40.0,30.0
237,210,Granbull,Fairy ,450.0,90.0,120.0,75.0,60.0,60.0,45.0
238,211,Qwilfish,Water Poison,440.0,65.0,95.0,85.0,55.0,55.0,85.0
239,212,Scizor,Bug Steel,500.0,70.0,130.0,100.0,55.0,80.0,65.0
240,213,Shuckle,Bug Rock,505.0,20.0,10.0,230.0,10.0,230.0,5.0
241,214,Heracross,Bug Fighting,500.0,80.0,125.0,75.0,40.0,95.0,85.0
242,215,Sneasel,Dark Ice,430.0,55.0,95.0,55.0,35.0,75.0,115.0
243,216,Teddiursa,Normal ,330.0,60.0,80.0,50.0,50.0,50.0,40.0
244,217,Ursaring,Normal ,500.0,90.0,130.0,75.0,75.0,75.0,55.0
245,218,Slugma,Fire ,250.0,40.0,40.0,40.0,70.0,40.0,20.0
246,219,Magcargo,Fire Rock,430.0,60.0,50.0,120.0,90.0,80.0,30.0
247,220,Swinub,Ice Ground,250.0,50.0,50.0,40.0,30.0,30.0,50.0
248,221,Piloswine,Ice Ground,450.0,100.0,100.0,80.0,60.0,60.0,50.0
249,222,Corsola,Water Rock,410.0,65.0,55.0,95.0,65.0,95.0,35.0
250,222,Corsola Galarian Corsola,Ghost ,410.0,60.0,55.0,100.0,65.0,100.0,30.0
251,223,Remoraid,Water ,300.0,35.0,65.0,35.0,65.0,35.0,65.0
252,224,Octillery,Water ,480.0,75.0,105.0,75.0,105.0,75.0,45.0
253,225,Delibird,Ice Flying,330.0,45.0,55.0,45.0,65.0,45.0,75.0
254,226,Mantine,Water Flying,485.0,85.0,40.0,70.0,80.0,140.0,70.0
255,227,Skarmory,Steel Flying,465.0,65.0,80.0,140.0,40.0,70.0,70.0
256,228,Houndour,Dark Fire,330.0,45.0,60.0,30.0,80.0,50.0,65.0
257,229,Houndoom,Dark Fire,500.0,75.0,90.0,50.0,110.0,80.0,95.0
258,230,Kingdra,Water Dragon,540.0,75.0,95.0,95.0,95.0,95.0,85.0
259,231,Phanpy,Ground ,330.0,90.0,60.0,60.0,40.0,40.0,40.0
260,232,Donphan,Ground ,500.0,90.0,120.0,120.0,60.0,60.0,50.0
261,233,Porygon2,Normal ,515.0,85.0,80.0,90.0,105.0,95.0,60.0
262,234,Stantler,Normal ,465.0,73.0,95.0,62.0,85.0,65.0,85.0
263,235,Smeargle,Normal ,250.0,55.0,20.0,35.0,20.0,45.0,75.0
264,236,Tyrogue,Fighting ,210.0,35.0,35.0,35.0,35.0,35.0,35.0
265,237,Hitmontop,Fighting ,455.0,50.0,95.0,95.0,35.0,110.0,70.0
266,238,Smoochum,Ice Psychic,305.0,45.0,30.0,15.0,85.0,65.0,65.0
267,239,Elekid,Electric ,360.0,45.0,63.0,37.0,65.0,55.0,95.0
268,240,Magby,Fire ,365.0,45.0,75.0,37.0,70.0,55.0,83.0
269,241,Miltank,Normal ,490.0,95.0,80.0,105.0,40.0,70.0,100.0
270,242,Blissey,Normal ,540.0,255.0,10.0,10.0,75.0,135.0,55.0
271,243,Raikou,Electric ,580.0,90.0,85.0,75.0,115.0,100.0,115.0
272,244,Entei,Fire ,580.0,115.0,115.0,85.0,90.0,75.0,100.0
273,245,Suicune,Water ,580.0,100.0,75.0,115.0,90.0,115.0,85.0
274,246,Larvitar,Rock Ground,300.0,50.0,64.0,50.0,45.0,50.0,41.0
275,247,Pupitar,Rock Ground,410.0,70.0,84.0,70.0,65.0,70.0,51.0
276,248,Tyranitar,Rock Dark,600.0,100.0,134.0,110.0,95.0,100.0,61.0
277,249,Lugia,Psychic Flying,680.0,106.0,90.0,130.0,90.0,154.0,110.0
278,250,Ho-oh,Fire Flying,680.0,106.0,130.0,90.0,110.0,154.0,90.0
279,251,Celebi,Psychic Grass,600.0,100.0,100.0,100.0,100.0,100.0,100.0
280,252,Treecko,Grass ,310.0,40.0,45.0,35.0,65.0,55.0,70.0
281,253,Grovyle,Grass ,405.0,50.0,65.0,45.0,85.0,65.0,95.0
282,254,Sceptile,Grass ,530.0,70.0,85.0,65.0,105.0,85.0,120.0
283,255,Torchic,Fire ,310.0,45.0,60.0,40.0,70.0,50.0,45.0
284,256,Combusken,Fire Fighting,405.0,60.0,85.0,60.0,85.0,60.0,55.0
285,257,Blaziken,Fire Fighting,530.0,80.0,120.0,70.0,110.0,70.0,80.0
286,258,Mudkip,Water ,310.0,50.0,70.0,50.0,50.0,50.0,40.0
287,259,Marshtomp,Water Ground,405.0,70.0,85.0,70.0,60.0,70.0,50.0
288,260,Swampert,Water Ground,535.0,100.0,110.0,90.0,85.0,90.0,60.0
289,261,Poochyena,Dark ,220.0,35.0,55.0,35.0,30.0,30.0,35.0
290,262,Mightyena,Dark ,420.0,70.0,90.0,70.0,60.0,60.0,70.0
291,263,Zigzagoon,Normal ,240.0,38.0,30.0,41.0,30.0,41.0,60.0
292,263,Zigzagoon Galarian Zigzagoon,Dark Normal,240.0,38.0,30.0,41.0,30.0,41.0,60.0
293,264,Linoone,Normal ,420.0,78.0,70.0,61.0,50.0,61.0,100.0
294,264,Linoone Galarian Linoone,Dark Normal,420.0,78.0,70.0,61.0,50.0,61.0,100.0
295,265,Wurmple,Bug ,195.0,45.0,45.0,35.0,20.0,30.0,20.0
296,266,Silcoon,Bug ,205.0,50.0,35.0,55.0,25.0,25.0,15.0
297,267,Beautifly,Bug Flying,395.0,60.0,70.0,50.0,100.0,50.0,65.0
298,268,Cascoon,Bug ,205.0,50.0,35.0,55.0,25.0,25.0,15.0
299,269,Dustox,Bug Poison,385.0,60.0,50.0,70.0,50.0,90.0,65.0
300,270,Lotad,Water Grass,220.0,40.0,30.0,30.0,40.0,50.0,30.0
301,271,Lombre,Water Grass,340.0,60.0,50.0,50.0,60.0,70.0,50.0
302,272,Ludicolo,Water Grass,480.0,80.0,70.0,70.0,90.0,100.0,70.0
303,273,Seedot,Grass ,220.0,40.0,40.0,50.0,30.0,30.0,30.0
304,274,Nuzleaf,Grass Dark,340.0,70.0,70.0,40.0,60.0,40.0,60.0
305,275,Shiftry,Grass Dark,480.0,90.0,100.0,60.0,90.0,60.0,80.0
306,276,Taillow,Normal Flying,270.0,40.0,55.0,30.0,30.0,30.0,85.0
307,277,Swellow,Normal Flying,455.0,60.0,85.0,60.0,75.0,50.0,125.0
308,278,Wingull,Water Flying,270.0,40.0,30.0,30.0,55.0,30.0,85.0
309,279,Pelipper,Water Flying,440.0,60.0,50.0,100.0,95.0,70.0,65.0
310,280,Ralts,Psychic Fairy,198.0,28.0,25.0,25.0,45.0,35.0,40.0
311,281,Kirlia,Psychic Fairy,278.0,38.0,35.0,35.0,65.0,55.0,50.0
312,282,Gardevoir,Psychic Fairy,518.0,68.0,65.0,65.0,125.0,115.0,80.0
313,283,Surskit,Bug Water,269.0,40.0,30.0,32.0,50.0,52.0,65.0
314,284,Masquerain,Bug Flying,454.0,70.0,60.0,62.0,100.0,82.0,80.0
315,285,Shroomish,Grass ,295.0,60.0,40.0,60.0,40.0,60.0,35.0
316,286,Breloom,Grass Fighting,460.0,60.0,130.0,80.0,60.0,60.0,70.0
317,287,Slakoth,Normal ,280.0,60.0,60.0,60.0,35.0,35.0,30.0
318,288,Vigoroth,Normal ,440.0,80.0,80.0,80.0,55.0,55.0,90.0
319,289,Slaking,Normal ,670.0,150.0,160.0,100.0,95.0,65.0,100.0
320,290,Nincada,Bug Ground,266.0,31.0,45.0,90.0,30.0,30.0,40.0
321,291,Ninjask,Bug Flying,456.0,61.0,90.0,45.0,50.0,50.0,160.0
322,292,Shedinja,Bug Ghost,236.0,1.0,90.0,45.0,30.0,30.0,40.0
323,293,Whismur,Normal ,240.0,64.0,51.0,23.0,51.0,23.0,28.0
324,294,Loudred,Normal ,360.0,84.0,71.0,43.0,71.0,43.0,48.0
325,295,Exploud,Normal ,490.0,104.0,91.0,63.0,91.0,73.0,68.0
326,296,Makuhita,Fighting ,237.0,72.0,60.0,30.0,20.0,30.0,25.0
327,297,Hariyama,Fighting ,474.0,144.0,120.0,60.0,40.0,60.0,50.0
328,298,Azurill,Normal Fairy,190.0,50.0,20.0,40.0,20.0,40.0,20.0
329,299,Nosepass,Rock ,375.0,30.0,45.0,135.0,45.0,90.0,30.0
330,300,Skitty,Normal ,260.0,50.0,45.0,45.0,35.0,35.0,50.0
331,301,Delcatty,Normal ,400.0,70.0,65.0,65.0,55.0,55.0,90.0
332,302,Sableye,Dark Ghost,380.0,50.0,75.0,75.0,65.0,65.0,50.0
333,303,Mawile,Steel Fairy,380.0,50.0,85.0,85.0,55.0,55.0,50.0
334,304,Aron,Steel Rock,330.0,50.0,70.0,100.0,40.0,40.0,30.0
335,305,Lairon,Steel Rock,430.0,60.0,90.0,140.0,50.0,50.0,40.0
336,306,Aggron,Steel Rock,530.0,70.0,110.0,180.0,60.0,60.0,50.0
337,307,Meditite,Fighting Psychic,280.0,30.0,40.0,55.0,40.0,55.0,60.0
338,308,Medicham,Fighting Psychic,410.0,60.0,60.0,75.0,60.0,75.0,80.0
339,309,Electrike,Electric ,295.0,40.0,45.0,40.0,65.0,40.0,65.0
340,310,Manectric,Electric ,475.0,70.0,75.0,60.0,105.0,60.0,105.0
341,311,Plusle,Electric ,405.0,60.0,50.0,40.0,85.0,75.0,95.0
342,312,Minun,Electric ,405.0,60.0,40.0,50.0,75.0,85.0,95.0
343,313,Volbeat,Bug ,430.0,65.0,73.0,75.0,47.0,85.0,85.0
344,314,Illumise,Bug ,430.0,65.0,47.0,75.0,73.0,85.0,85.0
345,315,Roselia,Grass Poison,400.0,50.0,60.0,45.0,100.0,80.0,65.0
346,316,Gulpin,Poison ,302.0,70.0,43.0,53.0,43.0,53.0,40.0
347,317,Swalot,Poison ,467.0,100.0,73.0,83.0,73.0,83.0,55.0
348,318,Carvanha,Water Dark,305.0,45.0,90.0,20.0,65.0,20.0,65.0
349,319,Sharpedo,Water Dark,460.0,70.0,120.0,40.0,95.0,40.0,95.0
350,320,Wailmer,Water ,400.0,130.0,70.0,35.0,70.0,35.0,60.0
351,321,Wailord,Water ,500.0,170.0,90.0,45.0,90.0,45.0,60.0
352,322,Numel,Fire Ground,305.0,60.0,60.0,40.0,65.0,45.0,35.0
353,323,Camerupt,Fire Ground,460.0,70.0,100.0,70.0,105.0,75.0,40.0
354,324,Torkoal,Fire ,470.0,70.0,85.0,140.0,85.0,70.0,20.0
355,325,Spoink,Psychic ,330.0,60.0,25.0,35.0,70.0,80.0,60.0
356,326,Grumpig,Psychic ,470.0,80.0,45.0,65.0,90.0,110.0,80.0
357,327,Spinda,Normal ,360.0,60.0,60.0,60.0,60.0,60.0,60.0
358,328,Trapinch,Ground ,290.0,45.0,100.0,45.0,45.0,45.0,10.0
359,329,Vibrava,Ground Dragon,340.0,50.0,70.0,50.0,50.0,50.0,70.0
360,330,Flygon,Ground Dragon,520.0,80.0,100.0,80.0,80.0,80.0,100.0
361,331,Cacnea,Grass ,335.0,50.0,85.0,40.0,85.0,40.0,35.0
362,332,Cacturne,Grass Dark,475.0,70.0,115.0,60.0,115.0,60.0,55.0
363,333,Swablu,Normal Flying,310.0,45.0,40.0,60.0,40.0,75.0,50.0
364,334,Altaria,Dragon Flying,490.0,75.0,70.0,90.0,70.0,105.0,80.0
365,335,Zangoose,Normal ,458.0,73.0,115.0,60.0,60.0,60.0,90.0
366,336,Seviper,Poison ,458.0,73.0,100.0,60.0,100.0,60.0,65.0
367,337,Lunatone,Rock Psychic,460.0,90.0,55.0,65.0,95.0,85.0,70.0
368,338,Solrock,Rock Psychic,460.0,90.0,95.0,85.0,55.0,65.0,70.0
369,339,Barboach,Water Ground,288.0,50.0,48.0,43.0,46.0,41.0,60.0
370,340,Whiscash,Water Ground,468.0,110.0,78.0,73.0,76.0,71.0,60.0
371,341,Corphish,Water ,308.0,43.0,80.0,65.0,50.0,35.0,35.0
372,342,Crawdaunt,Water Dark,468.0,63.0,120.0,85.0,90.0,55.0,55.0
373,343,Baltoy,Ground Psychic,300.0,40.0,40.0,55.0,40.0,70.0,55.0
374,344,Claydol,Ground Psychic,500.0,60.0,70.0,105.0,70.0,120.0,75.0
375,345,Lileep,Rock Grass,355.0,66.0,41.0,77.0,61.0,87.0,23.0
376,346,Cradily,Rock Grass,495.0,86.0,81.0,97.0,81.0,107.0,43.0
377,347,Anorith,Rock Bug,355.0,45.0,95.0,50.0,40.0,50.0,75.0
378,348,Armaldo,Rock Bug,495.0,75.0,125.0,100.0,70.0,80.0,45.0
379,349,Feebas,Water ,200.0,20.0,15.0,20.0,10.0,55.0,80.0
380,350,Milotic,Water ,540.0,95.0,60.0,79.0,100.0,125.0,81.0
381,351,Castform,Normal ,420.0,70.0,70.0,70.0,70.0,70.0,70.0
382,351,Castform Sunny Form,Fire ,420.0,70.0,70.0,70.0,70.0,70.0,70.0
383,351,Castform Rainy Form,Water ,420.0,70.0,70.0,70.0,70.0,70.0,70.0
384,351,Castform Snowy Form,Ice ,420.0,70.0,70.0,70.0,70.0,70.0,70.0
385,352,Kecleon,Normal ,440.0,60.0,90.0,70.0,60.0,120.0,40.0
386,353,Shuppet,Ghost ,295.0,44.0,75.0,35.0,63.0,33.0,45.0
387,354,Banette,Ghost ,455.0,64.0,115.0,65.0,83.0,63.0,65.0
388,355,Duskull,Ghost ,295.0,20.0,40.0,90.0,30.0,90.0,25.0
389,356,Dusclops,Ghost ,455.0,40.0,70.0,130.0,60.0,130.0,25.0
390,357,Tropius,Grass Flying,460.0,99.0,68.0,83.0,72.0,87.0,51.0
391,358,Chimecho,Psychic ,455.0,75.0,50.0,80.0,95.0,90.0,65.0
392,359,Absol,Dark ,465.0,65.0,130.0,60.0,75.0,60.0,75.0
393,360,Wynaut,Psychic ,260.0,95.0,23.0,48.0,23.0,48.0,23.0
394,361,Snorunt,Ice ,300.0,50.0,50.0,50.0,50.0,50.0,50.0
395,362,Glalie,Ice ,480.0,80.0,80.0,80.0,80.0,80.0,80.0
396,363,Spheal,Ice Water,290.0,70.0,40.0,50.0,55.0,50.0,25.0
397,364,Sealeo,Ice Water,410.0,90.0,60.0,70.0,75.0,70.0,45.0
398,365,Walrein,Ice Water,530.0,110.0,80.0,90.0,95.0,90.0,65.0
399,366,Clamperl,Water ,345.0,35.0,64.0,85.0,74.0,55.0,32.0
400,367,Huntail,Water ,485.0,55.0,104.0,105.0,94.0,75.0,52.0
401,368,Gorebyss,Water ,485.0,55.0,84.0,105.0,114.0,75.0,52.0
402,369,Relicanth,Water Rock,485.0,100.0,90.0,130.0,45.0,65.0,55.0
403,370,Luvdisc,Water ,330.0,43.0,30.0,55.0,40.0,65.0,97.0
404,371,Bagon,Dragon ,300.0,45.0,75.0,60.0,40.0,30.0,50.0
405,372,Shelgon,Dragon ,420.0,65.0,95.0,100.0,60.0,50.0,50.0
406,373,Salamence,Dragon Flying,600.0,95.0,135.0,80.0,110.0,80.0,100.0
407,374,Beldum,Steel Psychic,300.0,40.0,55.0,80.0,35.0,60.0,30.0
408,375,Metang,Steel Psychic,420.0,60.0,75.0,100.0,55.0,80.0,50.0
409,376,Metagross,Steel Psychic,600.0,80.0,135.0,130.0,95.0,90.0,70.0
410,377,Regirock,Rock ,580.0,80.0,100.0,200.0,50.0,100.0,50.0
411,378,Regice,Ice ,580.0,80.0,50.0,100.0,100.0,200.0,50.0
412,379,Registeel,Steel ,580.0,80.0,75.0,150.0,75.0,150.0,50.0
413,380,Latias,Dragon Psychic,600.0,80.0,80.0,90.0,110.0,130.0,110.0
414,381,Latios,Dragon Psychic,600.0,80.0,90.0,80.0,130.0,110.0,110.0
415,382,Kyogre,Water ,670.0,100.0,100.0,90.0,150.0,140.0,90.0
416,382,Kyogre Primal Kyogre,Water ,770.0,100.0,150.0,90.0,180.0,160.0,90.0
417,383,Groudon,Ground ,670.0,100.0,150.0,140.0,100.0,90.0,90.0
418,383,Groudon Primal Groudon,Ground Fire,770.0,100.0,180.0,160.0,150.0,90.0,90.0
419,384,Rayquaza,Dragon Flying,680.0,105.0,150.0,90.0,150.0,90.0,95.0
420,385,Jirachi,Steel Psychic,600.0,100.0,100.0,100.0,100.0,100.0,100.0
421,386,Deoxys Normal Forme,Psychic ,600.0,50.0,150.0,50.0,150.0,50.0,150.0
422,386,Deoxys Attack Forme,Psychic ,600.0,50.0,180.0,20.0,180.0,20.0,150.0
423,386,Deoxys Defense Forme,Psychic ,600.0,50.0,70.0,160.0,70.0,160.0,90.0
424,386,Deoxys Speed Forme,Psychic ,600.0,50.0,95.0,90.0,95.0,90.0,180.0
425,387,Turtwig,Grass ,318.0,55.0,68.0,64.0,45.0,55.0,31.0
426,388,Grotle,Grass ,405.0,75.0,89.0,85.0,55.0,65.0,36.0
427,389,Torterra,Grass Ground,525.0,95.0,109.0,105.0,75.0,85.0,56.0
428,390,Chimchar,Fire ,309.0,44.0,58.0,44.0,58.0,44.0,61.0
429,391,Monferno,Fire Fighting,405.0,64.0,78.0,52.0,78.0,52.0,81.0
430,392,Infernape,Fire Fighting,534.0,76.0,104.0,71.0,104.0,71.0,108.0
431,393,Piplup,Water ,314.0,53.0,51.0,53.0,61.0,56.0,40.0
432,394,Prinplup,Water ,405.0,64.0,66.0,68.0,81.0,76.0,50.0
433,395,Empoleon,Water Steel,530.0,84.0,86.0,88.0,111.0,101.0,60.0
434,396,Starly,Normal Flying,245.0,40.0,55.0,30.0,30.0,30.0,60.0
435,397,Staravia,Normal Flying,340.0,55.0,75.0,50.0,40.0,40.0,80.0
436,398,Staraptor,Normal Flying,485.0,85.0,120.0,70.0,50.0,60.0,100.0
437,399,Bidoof,Normal ,250.0,59.0,45.0,40.0,35.0,40.0,31.0
438,400,Bibarel,Normal Water,410.0,79.0,85.0,60.0,55.0,60.0,71.0
439,401,Kricketot,Bug ,194.0,37.0,25.0,41.0,25.0,41.0,25.0
440,402,Kricketune,Bug ,384.0,77.0,85.0,51.0,55.0,51.0,65.0
441,403,Shinx,Electric ,263.0,45.0,65.0,34.0,40.0,34.0,45.0
442,404,Luxio,Electric ,363.0,60.0,85.0,49.0,60.0,49.0,60.0
443,405,Luxray,Electric ,523.0,80.0,120.0,79.0,95.0,79.0,70.0
444,406,Budew,Grass Poison,280.0,40.0,30.0,35.0,50.0,70.0,55.0
445,407,Roserade,Grass Poison,515.0,60.0,70.0,65.0,125.0,105.0,90.0
446,408,Cranidos,Rock ,350.0,67.0,125.0,40.0,30.0,30.0,58.0
447,409,Rampardos,Rock ,495.0,97.0,165.0,60.0,65.0,50.0,58.0
448,410,Shieldon,Rock Steel,350.0,30.0,42.0,118.0,42.0,88.0,30.0
449,411,Bastiodon,Rock Steel,495.0,60.0,52.0,168.0,47.0,138.0,30.0
450,412,Burmy,Bug ,224.0,40.0,29.0,45.0,29.0,45.0,36.0
451,413,Wormadam Plant Cloak,Bug Grass,424.0,60.0,59.0,85.0,79.0,105.0,36.0
452,413,Wormadam Sandy Cloak,Bug Ground,424.0,60.0,79.0,105.0,59.0,85.0,36.0
453,413,Wormadam Trash Cloak,Bug Steel,424.0,60.0,69.0,95.0,69.0,95.0,36.0
454,414,Mothim,Bug Flying,424.0,70.0,94.0,50.0,94.0,50.0,66.0
455,415,Combee,Bug Flying,244.0,30.0,30.0,42.0,30.0,42.0,70.0
456,416,Vespiquen,Bug Flying,474.0,70.0,80.0,102.0,80.0,102.0,40.0
457,417,Pachirisu,Electric ,405.0,60.0,45.0,70.0,45.0,90.0,95.0
458,418,Buizel,Water ,330.0,55.0,65.0,35.0,60.0,30.0,85.0
459,419,Floatzel,Water ,495.0,85.0,105.0,55.0,85.0,50.0,115.0
460,420,Cherubi,Grass ,275.0,45.0,35.0,45.0,62.0,53.0,35.0
461,421,Cherrim,Grass ,450.0,70.0,60.0,70.0,87.0,78.0,85.0
462,422,Shellos,Water ,325.0,76.0,48.0,48.0,57.0,62.0,34.0
463,423,Gastrodon,Water Ground,475.0,111.0,83.0,68.0,92.0,82.0,39.0
464,424,Ambipom,Normal ,482.0,75.0,100.0,66.0,60.0,66.0,115.0
465,425,Drifloon,Ghost Flying,348.0,90.0,50.0,34.0,60.0,44.0,70.0
466,426,Drifblim,Ghost Flying,498.0,150.0,80.0,44.0,90.0,54.0,80.0
467,427,Buneary,Normal ,350.0,55.0,66.0,44.0,44.0,56.0,85.0
468,428,Lopunny,Normal ,480.0,65.0,76.0,84.0,54.0,96.0,105.0
469,429,Mismagius,Ghost ,495.0,60.0,60.0,60.0,105.0,105.0,105.0
470,430,Honchkrow,Dark Flying,505.0,100.0,125.0,52.0,105.0,52.0,71.0
471,431,Glameow,Normal ,310.0,49.0,55.0,42.0,42.0,37.0,85.0
472,432,Purugly,Normal ,452.0,71.0,82.0,64.0,64.0,59.0,112.0
473,433,Chingling,Psychic ,285.0,45.0,30.0,50.0,65.0,50.0,45.0
474,434,Stunky,Poison Dark,329.0,63.0,63.0,47.0,41.0,41.0,74.0
475,435,Skuntank,Poison Dark,479.0,103.0,93.0,67.0,71.0,61.0,84.0
476,436,Bronzor,Steel Psychic,300.0,57.0,24.0,86.0,24.0,86.0,23.0
477,437,Bronzong,Steel Psychic,500.0,67.0,89.0,116.0,79.0,116.0,33.0
478,438,Bonsly,Rock ,290.0,50.0,80.0,95.0,10.0,45.0,10.0
479,439,Mime Jr.,Psychic Fairy,310.0,20.0,25.0,45.0,70.0,90.0,60.0
480,440,Happiny,Normal ,220.0,100.0,5.0,5.0,15.0,65.0,30.0
481,441,Chatot,Normal Flying,411.0,76.0,65.0,45.0,92.0,42.0,91.0
482,442,Spiritomb,Ghost Dark,485.0,50.0,92.0,108.0,92.0,108.0,35.0
483,443,Gible,Dragon Ground,300.0,58.0,70.0,45.0,40.0,45.0,42.0
484,444,Gabite,Dragon Ground,410.0,68.0,90.0,65.0,50.0,55.0,82.0
485,445,Garchomp,Dragon Ground,600.0,108.0,130.0,95.0,80.0,85.0,102.0
486,446,Munchlax,Normal ,390.0,135.0,85.0,40.0,40.0,85.0,5.0
487,447,Riolu,Fighting ,285.0,40.0,70.0,40.0,35.0,40.0,60.0
488,448,Lucario,Fighting Steel,525.0,70.0,110.0,70.0,115.0,70.0,90.0
489,449,Hippopotas,Ground ,330.0,68.0,72.0,78.0,38.0,42.0,32.0
490,450,Hippowdon,Ground ,525.0,108.0,112.0,118.0,68.0,72.0,47.0
491,451,Skorupi,Poison Bug,330.0,40.0,50.0,90.0,30.0,55.0,65.0
492,452,Drapion,Poison Dark,500.0,70.0,90.0,110.0,60.0,75.0,95.0
493,453,Croagunk,Poison Fighting,300.0,48.0,61.0,40.0,61.0,40.0,50.0
494,454,Toxicroak,Poison Fighting,490.0,83.0,106.0,65.0,86.0,65.0,85.0
495,455,Carnivine,Grass ,454.0,74.0,100.0,72.0,90.0,72.0,46.0
496,456,Finneon,Water ,330.0,49.0,49.0,56.0,49.0,61.0,66.0
497,457,Lumineon,Water ,460.0,69.0,69.0,76.0,69.0,86.0,91.0
498,458,Mantyke,Water Flying,345.0,45.0,20.0,50.0,60.0,120.0,50.0
499,459,Snover,Grass Ice,334.0,60.0,62.0,50.0,62.0,60.0,40.0
500,460,Abomasnow,Grass Ice,494.0,90.0,92.0,75.0,92.0,85.0,60.0
501,461,Weavile,Dark Ice,510.0,70.0,120.0,65.0,45.0,85.0,125.0
502,462,Magnezone,Electric Steel,535.0,70.0,70.0,115.0,130.0,90.0,60.0
503,463,Lickilicky,Normal ,515.0,110.0,85.0,95.0,80.0,95.0,50.0
504,464,Rhyperior,Ground Rock,535.0,115.0,140.0,130.0,55.0,55.0,40.0
505,465,Tangrowth,Grass ,535.0,100.0,100.0,125.0,110.0,50.0,50.0
506,466,Electivire,Electric ,540.0,75.0,123.0,67.0,95.0,85.0,95.0
507,467,Magmortar,Fire ,540.0,75.0,95.0,67.0,125.0,95.0,83.0
508,468,Togekiss,Fairy Flying,545.0,85.0,50.0,95.0,120.0,115.0,80.0
509,469,Yanmega,Bug Flying,515.0,86.0,76.0,86.0,116.0,56.0,95.0
510,470,Leafeon,Grass ,525.0,65.0,110.0,130.0,60.0,65.0,95.0
511,471,Glaceon,Ice ,525.0,65.0,60.0,110.0,130.0,95.0,65.0
512,472,Gliscor,Ground Flying,510.0,75.0,95.0,125.0,45.0,75.0,95.0
513,473,Mamoswine,Ice Ground,530.0,110.0,130.0,80.0,70.0,60.0,80.0
514,474,Porygon-Z,Normal ,535.0,85.0,80.0,70.0,135.0,75.0,90.0
515,475,Gallade,Psychic Fighting,518.0,68.0,125.0,65.0,65.0,115.0,80.0
516,476,Probopass,Rock Steel,525.0,60.0,55.0,145.0,75.0,150.0,40.0
517,477,Dusknoir,Ghost ,525.0,45.0,100.0,135.0,65.0,135.0,45.0
518,478,Froslass,Ice Ghost,480.0,70.0,80.0,70.0,80.0,70.0,110.0
519,479,Rotom,Electric Ghost,440.0,50.0,50.0,77.0,95.0,77.0,91.0
520,479,Rotom Heat Rotom,Electric Fire,520.0,50.0,65.0,107.0,105.0,107.0,86.0
521,479,Rotom Wash Rotom,Electric Water,520.0,50.0,65.0,107.0,105.0,107.0,86.0
522,479,Rotom Frost Rotom,Electric Ice,520.0,50.0,65.0,107.0,105.0,107.0,86.0
523,479,Rotom Fan Rotom,Electric Flying,520.0,50.0,65.0,107.0,105.0,107.0,86.0
524,479,Rotom Mow Rotom,Electric Grass,520.0,50.0,65.0,107.0,105.0,107.0,86.0
525,480,Uxie,Psychic ,580.0,75.0,75.0,130.0,75.0,130.0,95.0
526,481,Mesprit,Psychic ,580.0,80.0,105.0,105.0,105.0,105.0,80.0
527,482,Azelf,Psychic ,580.0,75.0,125.0,70.0,125.0,70.0,115.0
528,483,Dialga,Steel Dragon,680.0,100.0,120.0,120.0,150.0,100.0,90.0
529,484,Palkia,Water Dragon,680.0,90.0,120.0,100.0,150.0,120.0,100.0
530,485,Heatran,Fire Steel,600.0,91.0,90.0,106.0,130.0,106.0,77.0
531,486,Regigigas,Normal ,670.0,110.0,160.0,110.0,80.0,110.0,100.0
532,487,Giratina Altered Forme,Ghost Dragon,680.0,150.0,100.0,120.0,100.0,120.0,90.0
533,487,Giratina Origin Forme,Ghost Dragon,680.0,150.0,120.0,100.0,120.0,100.0,90.0
534,488,Cresselia,Psychic ,600.0,120.0,70.0,120.0,75.0,130.0,85.0
535,489,Phione,Water ,480.0,80.0,80.0,80.0,80.0,80.0,80.0
536,490,Manaphy,Water ,600.0,100.0,100.0,100.0,100.0,100.0,100.0
537,491,Darkrai,Dark ,600.0,70.0,90.0,90.0,135.0,90.0,125.0
538,492,Shaymin Land Forme,Grass ,600.0,100.0,100.0,100.0,100.0,100.0,100.0
539,492,Shaymin Sky Forme,Grass Flying,600.0,100.0,103.0,75.0,120.0,75.0,127.0
540,493,Arceus,Normal ,720.0,120.0,120.0,120.0,120.0,120.0,120.0
541,494,Victini,Psychic Fire,600.0,100.0,100.0,100.0,100.0,100.0,100.0
542,495,Snivy,Grass ,308.0,45.0,45.0,55.0,45.0,55.0,63.0
543,496,Servine,Grass ,413.0,60.0,60.0,75.0,60.0,75.0,83.0
544,497,Serperior,Grass ,528.0,75.0,75.0,95.0,75.0,95.0,113.0
545,498,Tepig,Fire ,308.0,65.0,63.0,45.0,45.0,45.0,45.0
546,499,Pignite,Fire Fighting,418.0,90.0,93.0,55.0,70.0,55.0,55.0
547,500,Emboar,Fire Fighting,528.0,110.0,123.0,65.0,100.0,65.0,65.0
548,501,Oshawott,Water ,308.0,55.0,55.0,45.0,63.0,45.0,45.0
549,502,Dewott,Water ,413.0,75.0,75.0,60.0,83.0,60.0,60.0
550,503,Samurott,Water ,528.0,95.0,100.0,85.0,108.0,70.0,70.0
551,504,Patrat,Normal ,255.0,45.0,55.0,39.0,35.0,39.0,42.0
552,505,Watchog,Normal ,420.0,60.0,85.0,69.0,60.0,69.0,77.0
553,506,Lillipup,Normal ,275.0,45.0,60.0,45.0,25.0,45.0,55.0
554,507,Herdier,Normal ,370.0,65.0,80.0,65.0,35.0,65.0,60.0
555,508,Stoutland,Normal ,500.0,85.0,110.0,90.0,45.0,90.0,80.0
556,509,Purrloin,Dark ,281.0,41.0,50.0,37.0,50.0,37.0,66.0
557,510,Liepard,Dark ,446.0,64.0,88.0,50.0,88.0,50.0,106.0
558,511,Pansage,Grass ,316.0,50.0,53.0,48.0,53.0,48.0,64.0
559,512,Simisage,Grass ,498.0,75.0,98.0,63.0,98.0,63.0,101.0
560,513,Pansear,Fire ,316.0,50.0,53.0,48.0,53.0,48.0,64.0
561,514,Simisear,Fire ,498.0,75.0,98.0,63.0,98.0,63.0,101.0
562,515,Panpour,Water ,316.0,50.0,53.0,48.0,53.0,48.0,64.0
563,516,Simipour,Water ,498.0,75.0,98.0,63.0,98.0,63.0,101.0
564,517,Munna,Psychic ,292.0,76.0,25.0,45.0,67.0,55.0,24.0
565,518,Musharna,Psychic ,487.0,116.0,55.0,85.0,107.0,95.0,29.0
566,519,Pidove,Normal Flying,264.0,50.0,55.0,50.0,36.0,30.0,43.0
567,520,Tranquill,Normal Flying,358.0,62.0,77.0,62.0,50.0,42.0,65.0
568,521,Unfezant,Normal Flying,488.0,80.0,115.0,80.0,65.0,55.0,93.0
569,522,Blitzle,Electric ,295.0,45.0,60.0,32.0,50.0,32.0,76.0
570,523,Zebstrika,Electric ,497.0,75.0,100.0,63.0,80.0,63.0,116.0
571,524,Roggenrola,Rock ,280.0,55.0,75.0,85.0,25.0,25.0,15.0
572,525,Boldore,Rock ,390.0,70.0,105.0,105.0,50.0,40.0,20.0
573,526,Gigalith,Rock ,515.0,85.0,135.0,130.0,60.0,80.0,25.0
574,527,Woobat,Psychic Flying,323.0,65.0,45.0,43.0,55.0,43.0,72.0
575,528,Swoobat,Psychic Flying,425.0,67.0,57.0,55.0,77.0,55.0,114.0
576,529,Drilbur,Ground ,328.0,60.0,85.0,40.0,30.0,45.0,68.0
577,530,Excadrill,Ground Steel,508.0,110.0,135.0,60.0,50.0,65.0,88.0
578,531,Audino,Normal ,445.0,103.0,60.0,86.0,60.0,86.0,50.0
579,532,Timburr,Fighting ,305.0,75.0,80.0,55.0,25.0,35.0,35.0
580,533,Gurdurr,Fighting ,405.0,85.0,105.0,85.0,40.0,50.0,40.0
581,534,Conkeldurr,Fighting ,505.0,105.0,140.0,95.0,55.0,65.0,45.0
582,535,Tympole,Water ,294.0,50.0,50.0,40.0,50.0,40.0,64.0
583,536,Palpitoad,Water Ground,384.0,75.0,65.0,55.0,65.0,55.0,69.0
584,537,Seismitoad,Water Ground,509.0,105.0,95.0,75.0,85.0,75.0,74.0
585,538,Throh,Fighting ,465.0,120.0,100.0,85.0,30.0,85.0,45.0
586,539,Sawk,Fighting ,465.0,75.0,125.0,75.0,30.0,75.0,85.0
587,540,Sewaddle,Bug Grass,310.0,45.0,53.0,70.0,40.0,60.0,42.0
588,541,Swadloon,Bug Grass,380.0,55.0,63.0,90.0,50.0,80.0,42.0
589,542,Leavanny,Bug Grass,500.0,75.0,103.0,80.0,70.0,80.0,92.0
590,543,Venipede,Bug Poison,260.0,30.0,45.0,59.0,30.0,39.0,57.0
591,544,Whirlipede,Bug Poison,360.0,40.0,55.0,99.0,40.0,79.0,47.0
592,545,Scolipede,Bug Poison,485.0,60.0,100.0,89.0,55.0,69.0,112.0
593,546,Cottonee,Grass Fairy,280.0,40.0,27.0,60.0,37.0,50.0,66.0
594,547,Whimsicott,Grass Fairy,480.0,60.0,67.0,85.0,77.0,75.0,116.0
595,548,Petilil,Grass ,280.0,45.0,35.0,50.0,70.0,50.0,30.0
596,549,Lilligant,Grass ,480.0,70.0,60.0,75.0,110.0,75.0,90.0
597,550,Basculin Red-Striped Form,Water ,460.0,70.0,92.0,65.0,80.0,55.0,98.0
598,550,Basculin Blue-Striped Form,Water ,460.0,70.0,92.0,65.0,80.0,55.0,98.0
599,551,Sandile,Ground Dark,292.0,50.0,72.0,35.0,35.0,35.0,65.0
600,552,Krokorok,Ground Dark,351.0,60.0,82.0,45.0,45.0,45.0,74.0
601,553,Krookodile,Ground Dark,519.0,95.0,117.0,80.0,65.0,70.0,92.0
602,554,Darumaka,Fire ,315.0,70.0,90.0,45.0,15.0,45.0,50.0
603,554,Darumaka Galarian Darumaka,Ice ,315.0,70.0,90.0,45.0,15.0,45.0,50.0
604,555,Darmanitan Standard Mode,Fire ,480.0,105.0,140.0,55.0,30.0,55.0,95.0
605,555,Darmanitan Zen Mode,Fire Psychic,540.0,105.0,30.0,105.0,140.0,105.0,55.0
606,555,Darmanitan Galarian Standard Mode,Ice ,480.0,105.0,140.0,55.0,30.0,55.0,95.0
607,555,Darmanitan Galarian Zen Mode,Ice Fire,540.0,105.0,160.0,55.0,30.0,55.0,135.0
608,556,Maractus,Grass ,461.0,75.0,86.0,67.0,106.0,67.0,60.0
609,557,Dwebble,Bug Rock,325.0,50.0,65.0,85.0,35.0,35.0,55.0
610,558,Crustle,Bug Rock,485.0,70.0,105.0,125.0,65.0,75.0,45.0
611,559,Scraggy,Dark Fighting,348.0,50.0,75.0,70.0,35.0,70.0,48.0
612,560,Scrafty,Dark Fighting,488.0,65.0,90.0,115.0,45.0,115.0,58.0
613,561,Sigilyph,Psychic Flying,490.0,72.0,58.0,80.0,103.0,80.0,97.0
614,562,Yamask,Ghost ,303.0,38.0,30.0,85.0,55.0,65.0,30.0
615,562,Yamask Galarian Yamask,Ground Ghost,303.0,38.0,55.0,85.0,30.0,65.0,30.0
616,563,Cofagrigus,Ghost ,483.0,58.0,50.0,145.0,95.0,105.0,30.0
617,564,Tirtouga,Water Rock,355.0,54.0,78.0,103.0,53.0,45.0,22.0
618,565,Carracosta,Water Rock,495.0,74.0,108.0,133.0,83.0,65.0,32.0
619,566,Archen,Rock Flying,401.0,55.0,112.0,45.0,74.0,45.0,70.0
620,567,Archeops,Rock Flying,567.0,75.0,140.0,65.0,112.0,65.0,110.0
621,568,Trubbish,Poison ,329.0,50.0,50.0,62.0,40.0,62.0,65.0
622,569,Garbodor,Poison ,474.0,80.0,95.0,82.0,60.0,82.0,75.0
623,570,Zorua,Dark ,330.0,40.0,65.0,40.0,80.0,40.0,65.0
624,571,Zoroark,Dark ,510.0,60.0,105.0,60.0,120.0,60.0,105.0
625,572,Minccino,Normal ,300.0,55.0,50.0,40.0,40.0,40.0,75.0
626,573,Cinccino,Normal ,470.0,75.0,95.0,60.0,65.0,60.0,115.0
627,574,Gothita,Psychic ,290.0,45.0,30.0,50.0,55.0,65.0,45.0
628,575,Gothorita,Psychic ,390.0,60.0,45.0,70.0,75.0,85.0,55.0
629,576,Gothitelle,Psychic ,490.0,70.0,55.0,95.0,95.0,110.0,65.0
630,577,Solosis,Psychic ,290.0,45.0,30.0,40.0,105.0,50.0,20.0
631,578,Duosion,Psychic ,370.0,65.0,40.0,50.0,125.0,60.0,30.0
632,579,Reuniclus,Psychic ,490.0,110.0,65.0,75.0,125.0,85.0,30.0
633,580,Ducklett,Water Flying,305.0,62.0,44.0,50.0,44.0,50.0,55.0
634,581,Swanna,Water Flying,473.0,75.0,87.0,63.0,87.0,63.0,98.0
635,582,Vanillite,Ice ,305.0,36.0,50.0,50.0,65.0,60.0,44.0
636,583,Vanillish,Ice ,395.0,51.0,65.0,65.0,80.0,75.0,59.0
637,584,Vanilluxe,Ice ,535.0,71.0,95.0,85.0,110.0,95.0,79.0
638,585,Deerling,Normal Grass,335.0,60.0,60.0,50.0,40.0,50.0,75.0
639,586,Sawsbuck,Normal Grass,475.0,80.0,100.0,70.0,60.0,70.0,95.0
640,587,Emolga,Electric Flying,428.0,55.0,75.0,60.0,75.0,60.0,103.0
641,588,Karrablast,Bug ,315.0,50.0,75.0,45.0,40.0,45.0,60.0
642,589,Escavalier,Bug Steel,495.0,70.0,135.0,105.0,60.0,105.0,20.0
643,590,Foongus,Grass Poison,294.0,69.0,55.0,45.0,55.0,55.0,15.0
644,591,Amoonguss,Grass Poison,464.0,114.0,85.0,70.0,85.0,80.0,30.0
645,592,Frillish,Water Ghost,335.0,55.0,40.0,50.0,65.0,85.0,40.0
646,593,Jellicent,Water Ghost,480.0,100.0,60.0,70.0,85.0,105.0,60.0
647,594,Alomomola,Water ,470.0,165.0,75.0,80.0,40.0,45.0,65.0
648,595,Joltik,Bug Electric,319.0,50.0,47.0,50.0,57.0,50.0,65.0
649,596,Galvantula,Bug Electric,472.0,70.0,77.0,60.0,97.0,60.0,108.0
650,597,Ferroseed,Grass Steel,305.0,44.0,50.0,91.0,24.0,86.0,10.0
651,598,Ferrothorn,Grass Steel,489.0,74.0,94.0,131.0,54.0,116.0,20.0
652,599,Klink,Steel ,300.0,40.0,55.0,70.0,45.0,60.0,30.0
653,600,Klang,Steel ,440.0,60.0,80.0,95.0,70.0,85.0,50.0
654,601,Klinklang,Steel ,520.0,60.0,100.0,115.0,70.0,85.0,90.0
655,602,Tynamo,Electric ,275.0,35.0,55.0,40.0,45.0,40.0,60.0
656,603,Eelektrik,Electric ,405.0,65.0,85.0,70.0,75.0,70.0,40.0
657,604,Eelektross,Electric ,515.0,85.0,115.0,80.0,105.0,80.0,50.0
658,605,Elgyem,Psychic ,335.0,55.0,55.0,55.0,85.0,55.0,30.0
659,606,Beheeyem,Psychic ,485.0,75.0,75.0,75.0,125.0,95.0,40.0
660,607,Litwick,Ghost Fire,275.0,50.0,30.0,55.0,65.0,55.0,20.0
661,608,Lampent,Ghost Fire,370.0,60.0,40.0,60.0,95.0,60.0,55.0
662,609,Chandelure,Ghost Fire,520.0,60.0,55.0,90.0,145.0,90.0,80.0
663,610,Axew,Dragon ,320.0,46.0,87.0,60.0,30.0,40.0,57.0
664,611,Fraxure,Dragon ,410.0,66.0,117.0,70.0,40.0,50.0,67.0
665,612,Haxorus,Dragon ,540.0,76.0,147.0,90.0,60.0,70.0,97.0
666,613,Cubchoo,Ice ,305.0,55.0,70.0,40.0,60.0,40.0,40.0
667,614,Beartic,Ice ,505.0,95.0,130.0,80.0,70.0,80.0,50.0
668,615,Cryogonal,Ice ,515.0,80.0,50.0,50.0,95.0,135.0,105.0
669,616,Shelmet,Bug ,305.0,50.0,40.0,85.0,40.0,65.0,25.0
670,617,Accelgor,Bug ,495.0,80.0,70.0,40.0,100.0,60.0,145.0
671,618,Stunfisk,Ground Electric,471.0,109.0,66.0,84.0,81.0,99.0,32.0
672,618,Stunfisk Galarian Stunfisk,Ground Steel,471.0,109.0,81.0,99.0,66.0,84.0,32.0
673,619,Mienfoo,Fighting ,350.0,45.0,85.0,50.0,55.0,50.0,65.0
674,620,Mienshao,Fighting ,510.0,65.0,125.0,60.0,95.0,60.0,105.0
675,621,Druddigon,Dragon ,485.0,77.0,120.0,90.0,60.0,90.0,48.0
676,622,Golett,Ground Ghost,303.0,59.0,74.0,50.0,35.0,50.0,35.0
677,623,Golurk,Ground Ghost,483.0,89.0,124.0,80.0,55.0,80.0,55.0
678,624,Pawniard,Dark Steel,340.0,45.0,85.0,70.0,40.0,40.0,60.0
679,625,Bisharp,Dark Steel,490.0,65.0,125.0,100.0,60.0,70.0,70.0
680,626,Bouffalant,Normal ,490.0,95.0,110.0,95.0,40.0,95.0,55.0
681,627,Rufflet,Normal Flying,350.0,70.0,83.0,50.0,37.0,50.0,60.0
682,628,Braviary,Normal Flying,510.0,100.0,123.0,75.0,57.0,75.0,80.0
683,629,Vullaby,Dark Flying,370.0,70.0,55.0,75.0,45.0,65.0,60.0
684,630,Mandibuzz,Dark Flying,510.0,110.0,65.0,105.0,55.0,95.0,80.0
685,631,Heatmor,Fire ,484.0,85.0,97.0,66.0,105.0,66.0,65.0
686,632,Durant,Bug Steel,484.0,58.0,109.0,112.0,48.0,48.0,109.0
687,633,Deino,Dark Dragon,300.0,52.0,65.0,50.0,45.0,50.0,38.0
688,634,Zweilous,Dark Dragon,420.0,72.0,85.0,70.0,65.0,70.0,58.0
689,635,Hydreigon,Dark Dragon,600.0,92.0,105.0,90.0,125.0,90.0,98.0
690,636,Larvesta,Bug Fire,360.0,55.0,85.0,55.0,50.0,55.0,60.0
691,637,Volcarona,Bug Fire,550.0,85.0,60.0,65.0,135.0,105.0,100.0
692,638,Cobalion,Steel Fighting,580.0,91.0,90.0,129.0,90.0,72.0,108.0
693,639,Terrakion,Rock Fighting,580.0,91.0,129.0,90.0,72.0,90.0,108.0
694,640,Virizion,Grass Fighting,580.0,91.0,90.0,72.0,90.0,129.0,108.0
695,641,Tornadus Incarnate Forme,Flying ,580.0,79.0,115.0,70.0,125.0,80.0,111.0
696,641,Tornadus Therian Forme,Flying ,580.0,79.0,100.0,80.0,110.0,90.0,121.0
697,642,Thundurus Incarnate Forme,Electric Flying,580.0,79.0,115.0,70.0,125.0,80.0,111.0
698,642,Thundurus Therian Forme,Electric Flying,580.0,79.0,105.0,70.0,145.0,80.0,101.0
699,643,Reshiram,Dragon Fire,680.0,100.0,120.0,100.0,150.0,120.0,90.0
700,644,Zekrom,Dragon Electric,680.0,100.0,150.0,120.0,120.0,100.0,90.0
701,645,Landorus Incarnate Forme,Ground Flying,600.0,89.0,125.0,90.0,115.0,80.0,101.0
702,645,Landorus Therian Forme,Ground Flying,600.0,89.0,145.0,90.0,105.0,80.0,91.0
703,646,Kyurem,Dragon Ice,660.0,125.0,130.0,90.0,130.0,90.0,95.0
704,646,Kyurem Black Kyurem,Dragon Ice,700.0,125.0,170.0,100.0,120.0,90.0,95.0
705,646,Kyurem White Kyurem,Dragon Ice,700.0,125.0,120.0,90.0,170.0,100.0,95.0
706,647,Keldeo Ordinary Form,Water Fighting,580.0,91.0,72.0,90.0,129.0,90.0,108.0
707,647,Keldeo Resolute Form,Water Fighting,580.0,91.0,72.0,90.0,129.0,90.0,108.0
708,648,Meloetta Aria Forme,Normal Psychic,600.0,100.0,77.0,77.0,128.0,128.0,90.0
709,648,Meloetta Pirouette Forme,Normal Fighting,600.0,100.0,128.0,90.0,77.0,77.0,128.0
710,649,Genesect,Bug Steel,600.0,71.0,120.0,95.0,120.0,95.0,99.0
711,650,Chespin,Grass ,313.0,56.0,61.0,65.0,48.0,45.0,38.0
712,651,Quilladin,Grass ,405.0,61.0,78.0,95.0,56.0,58.0,57.0
713,652,Chesnaught,Grass Fighting,530.0,88.0,107.0,122.0,74.0,75.0,64.0
714,653,Fennekin,Fire ,307.0,40.0,45.0,40.0,62.0,60.0,60.0
715,654,Braixen,Fire ,409.0,59.0,59.0,58.0,90.0,70.0,73.0
716,655,Delphox,Fire Psychic,534.0,75.0,69.0,72.0,114.0,100.0,104.0
717,656,Froakie,Water ,314.0,41.0,56.0,40.0,62.0,44.0,71.0
718,657,Frogadier,Water ,405.0,54.0,63.0,52.0,83.0,56.0,97.0
719,658,Greninja,Water Dark,530.0,72.0,95.0,67.0,103.0,71.0,122.0
720,658,Greninja Ash-Greninja,Water Dark,640.0,72.0,145.0,67.0,153.0,71.0,132.0
721,659,Bunnelby,Normal ,237.0,38.0,36.0,38.0,32.0,36.0,57.0
722,660,Diggersby,Normal Ground,423.0,85.0,56.0,77.0,50.0,77.0,78.0
723,661,Fletchling,Normal Flying,278.0,45.0,50.0,43.0,40.0,38.0,62.0
724,662,Fletchinder,Fire Flying,382.0,62.0,73.0,55.0,56.0,52.0,84.0
725,663,Talonflame,Fire Flying,499.0,78.0,81.0,71.0,74.0,69.0,126.0
726,664,Scatterbug,Bug ,200.0,38.0,35.0,40.0,27.0,25.0,35.0
727,665,Spewpa,Bug ,213.0,45.0,22.0,60.0,27.0,30.0,29.0
728,666,Vivillon,Bug Flying,411.0,80.0,52.0,50.0,90.0,50.0,89.0
729,667,Litleo,Fire Normal,369.0,62.0,50.0,58.0,73.0,54.0,72.0
730,668,Pyroar,Fire Normal,507.0,86.0,68.0,72.0,109.0,66.0,106.0
731,669,Flabébé,Fairy ,303.0,44.0,38.0,39.0,61.0,79.0,42.0
732,670,Floette,Fairy ,371.0,54.0,45.0,47.0,75.0,98.0,52.0
733,671,Florges,Fairy ,552.0,78.0,65.0,68.0,112.0,154.0,75.0
734,672,Skiddo,Grass ,350.0,66.0,65.0,48.0,62.0,57.0,52.0
735,673,Gogoat,Grass ,531.0,123.0,100.0,62.0,97.0,81.0,68.0
736,674,Pancham,Fighting ,348.0,67.0,82.0,62.0,46.0,48.0,43.0
737,675,Pangoro,Fighting Dark,495.0,95.0,124.0,78.0,69.0,71.0,58.0
738,676,Furfrou,Normal ,472.0,75.0,80.0,60.0,65.0,90.0,102.0
739,677,Espurr,Psychic ,355.0,62.0,48.0,54.0,63.0,60.0,68.0
740,678,Meowstic Male,Psychic ,466.0,74.0,48.0,76.0,83.0,81.0,104.0
741,678,Meowstic Female,Psychic ,466.0,74.0,48.0,76.0,83.0,81.0,104.0
742,679,Honedge,Steel Ghost,325.0,45.0,80.0,100.0,35.0,37.0,28.0
743,680,Doublade,Steel Ghost,448.0,59.0,110.0,150.0,45.0,49.0,35.0
744,681,Aegislash Shield Forme,Steel Ghost,500.0,60.0,50.0,140.0,50.0,140.0,60.0
745,681,Aegislash Blade Forme,Steel Ghost,500.0,60.0,140.0,50.0,140.0,50.0,60.0
746,682,Spritzee,Fairy ,341.0,78.0,52.0,60.0,63.0,65.0,23.0
747,683,Aromatisse,Fairy ,462.0,101.0,72.0,72.0,99.0,89.0,29.0
748,684,Swirlix,Fairy ,341.0,62.0,48.0,66.0,59.0,57.0,49.0
749,685,Slurpuff,Fairy ,480.0,82.0,80.0,86.0,85.0,75.0,72.0
750,686,Inkay,Dark Psychic,288.0,53.0,54.0,53.0,37.0,46.0,45.0
751,687,Malamar,Dark Psychic,482.0,86.0,92.0,88.0,68.0,75.0,73.0
752,688,Binacle,Rock Water,306.0,42.0,52.0,67.0,39.0,56.0,50.0
753,689,Barbaracle,Rock Water,500.0,72.0,105.0,115.0,54.0,86.0,68.0
754,690,Skrelp,Poison Water,320.0,50.0,60.0,60.0,60.0,60.0,30.0
755,691,Dragalge,Poison Dragon,494.0,65.0,75.0,90.0,97.0,123.0,44.0
756,692,Clauncher,Water ,330.0,50.0,53.0,62.0,58.0,63.0,44.0
757,693,Clawitzer,Water ,500.0,71.0,73.0,88.0,120.0,89.0,59.0
758,694,Helioptile,Electric Normal,289.0,44.0,38.0,33.0,61.0,43.0,70.0
759,695,Heliolisk,Electric Normal,481.0,62.0,55.0,52.0,109.0,94.0,109.0
760,696,Tyrunt,Rock Dragon,362.0,58.0,89.0,77.0,45.0,45.0,48.0
761,697,Tyrantrum,Rock Dragon,521.0,82.0,121.0,119.0,69.0,59.0,71.0
762,698,Amaura,Rock Ice,362.0,77.0,59.0,50.0,67.0,63.0,46.0
763,699,Aurorus,Rock Ice,521.0,123.0,77.0,72.0,99.0,92.0,58.0
764,700,Sylveon,Fairy ,525.0,95.0,65.0,65.0,110.0,130.0,60.0
765,701,Hawlucha,Fighting Flying,500.0,78.0,92.0,75.0,74.0,63.0,118.0
766,702,Dedenne,Electric Fairy,431.0,67.0,58.0,57.0,81.0,67.0,101.0
767,703,Carbink,Rock Fairy,500.0,50.0,50.0,150.0,50.0,150.0,50.0
768,704,Goomy,Dragon ,300.0,45.0,50.0,35.0,55.0,75.0,40.0
769,705,Sliggoo,Dragon ,452.0,68.0,75.0,53.0,83.0,113.0,60.0
770,706,Goodra,Dragon ,600.0,90.0,100.0,70.0,110.0,150.0,80.0
771,707,Klefki,Steel Fairy,470.0,57.0,80.0,91.0,80.0,87.0,75.0
772,708,Phantump,Ghost Grass,309.0,43.0,70.0,48.0,50.0,60.0,38.0
773,709,Trevenant,Ghost Grass,474.0,85.0,110.0,76.0,65.0,82.0,56.0
774,710,Pumpkaboo Average Size,Ghost Grass,335.0,49.0,66.0,70.0,44.0,55.0,51.0
775,710,Pumpkaboo Small Size,Ghost Grass,335.0,44.0,66.0,70.0,44.0,55.0,56.0
776,710,Pumpkaboo Large Size,Ghost Grass,335.0,54.0,66.0,70.0,44.0,55.0,46.0
777,710,Pumpkaboo Super Size,Ghost Grass,335.0,59.0,66.0,70.0,44.0,55.0,41.0
778,711,Gourgeist Average Size,Ghost Grass,494.0,65.0,90.0,122.0,58.0,75.0,84.0
779,711,Gourgeist Small Size,Ghost Grass,494.0,55.0,85.0,122.0,58.0,75.0,99.0
780,711,Gourgeist Large Size,Ghost Grass,494.0,75.0,95.0,122.0,58.0,75.0,69.0
781,711,Gourgeist Super Size,Ghost Grass,494.0,85.0,100.0,122.0,58.0,75.0,54.0
782,712,Bergmite,Ice ,304.0,55.0,69.0,85.0,32.0,35.0,28.0
783,713,Avalugg,Ice ,514.0,95.0,117.0,184.0,44.0,46.0,28.0
784,714,Noibat,Flying Dragon,245.0,40.0,30.0,35.0,45.0,40.0,55.0
785,715,Noivern,Flying Dragon,535.0,85.0,70.0,80.0,97.0,80.0,123.0
786,716,Xerneas,Fairy ,680.0,126.0,131.0,95.0,131.0,98.0,99.0
787,717,Yveltal,Dark Flying,680.0,126.0,131.0,95.0,131.0,98.0,99.0
788,718,Zygarde 50% Forme,Dragon Ground,600.0,108.0,100.0,121.0,81.0,95.0,95.0
789,718,Zygarde 10% Forme,Dragon Ground,486.0,54.0,100.0,71.0,61.0,85.0,115.0
790,718,Zygarde Complete Forme,Dragon Ground,708.0,216.0,100.0,121.0,91.0,95.0,85.0
791,719,Diancie,Rock Fairy,600.0,50.0,100.0,150.0,100.0,150.0,50.0
792,720,Hoopa Hoopa Confined,Psychic Ghost,600.0,80.0,110.0,60.0,150.0,130.0,70.0
793,720,Hoopa Hoopa Unbound,Psychic Dark,680.0,80.0,160.0,60.0,170.0,130.0,80.0
794,721,Volcanion,Fire Water,600.0,80.0,110.0,120.0,130.0,90.0,70.0
795,722,Rowlet,Grass Flying,320.0,68.0,55.0,55.0,50.0,50.0,42.0
796,723,Dartrix,Grass Flying,420.0,78.0,75.0,75.0,70.0,70.0,52.0
797,724,Decidueye,Grass Ghost,530.0,78.0,107.0,75.0,100.0,100.0,70.0
798,725,Litten,Fire ,320.0,45.0,65.0,40.0,60.0,40.0,70.0
799,726,Torracat,Fire ,420.0,65.0,85.0,50.0,80.0,50.0,90.0
800,727,Incineroar,Fire Dark,530.0,95.0,115.0,90.0,80.0,90.0,60.0
801,728,Popplio,Water ,320.0,50.0,54.0,54.0,66.0,56.0,40.0
802,729,Brionne,Water ,420.0,60.0,69.0,69.0,91.0,81.0,50.0
803,730,Primarina,Water Fairy,530.0,80.0,74.0,74.0,126.0,116.0,60.0
804,731,Pikipek,Normal Flying,265.0,35.0,75.0,30.0,30.0,30.0,65.0
805,732,Trumbeak,Normal Flying,355.0,55.0,85.0,50.0,40.0,50.0,75.0
806,733,Toucannon,Normal Flying,485.0,80.0,120.0,75.0,75.0,75.0,60.0
807,734,Yungoos,Normal ,253.0,48.0,70.0,30.0,30.0,30.0,45.0
808,735,Gumshoos,Normal ,418.0,88.0,110.0,60.0,55.0,60.0,45.0
809,736,Grubbin,Bug ,300.0,47.0,62.0,45.0,55.0,45.0,46.0
810,737,Charjabug,Bug Electric,400.0,57.0,82.0,95.0,55.0,75.0,36.0
811,738,Vikavolt,Bug Electric,500.0,77.0,70.0,90.0,145.0,75.0,43.0
812,739,Crabrawler,Fighting ,338.0,47.0,82.0,57.0,42.0,47.0,63.0
813,740,Crabominable,Fighting Ice,478.0,97.0,132.0,77.0,62.0,67.0,43.0
814,741,Oricorio Baile Style,Fire Flying,476.0,75.0,70.0,70.0,98.0,70.0,93.0
815,741,Oricorio Pom-Pom Style,Electric Flying,476.0,75.0,70.0,70.0,98.0,70.0,93.0
816,741,Oricorio Pa'u Style,Psychic Flying,476.0,75.0,70.0,70.0,98.0,70.0,93.0
817,741,Oricorio Sensu Style,Ghost Flying,476.0,75.0,70.0,70.0,98.0,70.0,93.0
818,742,Cutiefly,Bug Fairy,304.0,40.0,45.0,40.0,55.0,40.0,84.0
819,743,Ribombee,Bug Fairy,464.0,60.0,55.0,60.0,95.0,70.0,124.0
820,744,Rockruff,Rock ,280.0,45.0,65.0,40.0,30.0,40.0,60.0
821,744,Rockruff Own Tempo Rockruff,Rock ,280.0,45.0,65.0,40.0,30.0,40.0,60.0
822,745,Lycanroc Midday Form,Rock ,487.0,75.0,115.0,65.0,55.0,65.0,112.0
823,745,Lycanroc Midnight Form,Rock ,487.0,85.0,115.0,75.0,55.0,75.0,82.0
824,745,Lycanroc Dusk Form,Rock ,487.0,75.0,117.0,65.0,55.0,65.0,110.0
825,746,Wishiwashi Solo Form,Water ,175.0,45.0,20.0,20.0,25.0,25.0,40.0
826,746,Wishiwashi School Form,Water ,620.0,45.0,140.0,130.0,140.0,135.0,30.0
827,747,Mareanie,Poison Water,305.0,50.0,53.0,62.0,43.0,52.0,45.0
828,748,Toxapex,Poison Water,495.0,50.0,63.0,152.0,53.0,142.0,35.0
829,749,Mudbray,Ground ,385.0,70.0,100.0,70.0,45.0,55.0,45.0
830,750,Mudsdale,Ground ,500.0,100.0,125.0,100.0,55.0,85.0,35.0
831,751,Dewpider,Water Bug,269.0,38.0,40.0,52.0,40.0,72.0,27.0
832,752,Araquanid,Water Bug,454.0,68.0,70.0,92.0,50.0,132.0,42.0
833,753,Fomantis,Grass ,250.0,40.0,55.0,35.0,50.0,35.0,35.0
834,754,Lurantis,Grass ,480.0,70.0,105.0,90.0,80.0,90.0,45.0
835,755,Morelull,Grass Fairy,285.0,40.0,35.0,55.0,65.0,75.0,15.0
836,756,Shiinotic,Grass Fairy,405.0,60.0,45.0,80.0,90.0,100.0,30.0
837,757,Salandit,Poison Fire,320.0,48.0,44.0,40.0,71.0,40.0,77.0
838,758,Salazzle,Poison Fire,480.0,68.0,64.0,60.0,111.0,60.0,117.0
839,759,Stufful,Normal Fighting,340.0,70.0,75.0,50.0,45.0,50.0,50.0
840,760,Bewear,Normal Fighting,500.0,120.0,125.0,80.0,55.0,60.0,60.0
841,761,Bounsweet,Grass ,210.0,42.0,30.0,38.0,30.0,38.0,32.0
842,762,Steenee,Grass ,290.0,52.0,40.0,48.0,40.0,48.0,62.0
843,763,Tsareena,Grass ,510.0,72.0,120.0,98.0,50.0,98.0,72.0
844,764,Comfey,Fairy ,485.0,51.0,52.0,90.0,82.0,110.0,100.0
845,765,Oranguru,Normal Psychic,490.0,90.0,60.0,80.0,90.0,110.0,60.0
846,766,Passimian,Fighting ,490.0,100.0,120.0,90.0,40.0,60.0,80.0
847,767,Wimpod,Bug Water,230.0,25.0,35.0,40.0,20.0,30.0,80.0
848,768,Golisopod,Bug Water,530.0,75.0,125.0,140.0,60.0,90.0,40.0
849,769,Sandygast,Ghost Ground,320.0,55.0,55.0,80.0,70.0,45.0,15.0
850,770,Palossand,Ghost Ground,480.0,85.0,75.0,110.0,100.0,75.0,35.0
851,771,Pyukumuku,Water ,410.0,55.0,60.0,130.0,30.0,130.0,5.0
852,772,Type: Null,Normal ,534.0,95.0,95.0,95.0,95.0,95.0,59.0
853,773,Silvally,Normal ,570.0,95.0,95.0,95.0,95.0,95.0,95.0
854,774,Minior Meteor Form,Rock Flying,440.0,60.0,60.0,100.0,60.0,100.0,60.0
855,774,Minior Core Form,Rock Flying,500.0,60.0,100.0,60.0,100.0,60.0,120.0
856,775,Komala,Normal ,480.0,65.0,115.0,65.0,75.0,95.0,65.0
857,776,Turtonator,Fire Dragon,485.0,60.0,78.0,135.0,91.0,85.0,36.0
858,777,Togedemaru,Electric Steel,435.0,65.0,98.0,63.0,40.0,73.0,96.0
859,778,Mimikyu,Ghost Fairy,476.0,55.0,90.0,80.0,50.0,105.0,96.0
860,779,Bruxish,Water Psychic,475.0,68.0,105.0,70.0,70.0,70.0,92.0
861,780,Drampa,Normal Dragon,485.0,78.0,60.0,85.0,135.0,91.0,36.0
862,781,Dhelmise,Ghost Grass,517.0,70.0,131.0,100.0,86.0,90.0,40.0
863,782,Jangmo-o,Dragon ,300.0,45.0,55.0,65.0,45.0,45.0,45.0
864,783,Hakamo-o,Dragon Fighting,420.0,55.0,75.0,90.0,65.0,70.0,65.0
865,784,Kommo-o,Dragon Fighting,600.0,75.0,110.0,125.0,100.0,105.0,85.0
866,785,Tapu Koko,Electric Fairy,570.0,70.0,115.0,85.0,95.0,75.0,130.0
867,786,Tapu Lele,Psychic Fairy,570.0,70.0,85.0,75.0,130.0,115.0,95.0
868,787,Tapu Bulu,Grass Fairy,570.0,70.0,130.0,115.0,85.0,95.0,75.0
869,788,Tapu Fini,Water Fairy,570.0,70.0,75.0,115.0,95.0,130.0,85.0
870,789,Cosmog,Psychic ,200.0,43.0,29.0,31.0,29.0,31.0,37.0
871,790,Cosmoem,Psychic ,400.0,43.0,29.0,131.0,29.0,131.0,37.0
872,791,Solgaleo,Psychic Steel,680.0,137.0,137.0,107.0,113.0,89.0,97.0
873,792,Lunala,Psychic Ghost,680.0,137.0,113.0,89.0,137.0,107.0,97.0
874,793,Nihilego,Rock Poison,570.0,109.0,53.0,47.0,127.0,131.0,103.0
875,794,Buzzwole,Bug Fighting,570.0,107.0,139.0,139.0,53.0,53.0,79.0
876,795,Pheromosa,Bug Fighting,570.0,71.0,137.0,37.0,137.0,37.0,151.0
877,796,Xurkitree,Electric ,570.0,83.0,89.0,71.0,173.0,71.0,83.0
878,797,Celesteela,Steel Flying,570.0,97.0,101.0,103.0,107.0,101.0,61.0
879,798,Kartana,Grass Steel,570.0,59.0,181.0,131.0,59.0,31.0,109.0
880,799,Guzzlord,Dark Dragon,570.0,223.0,101.0,53.0,97.0,53.0,43.0
881,800,Necrozma,Psychic ,600.0,97.0,107.0,101.0,127.0,89.0,79.0
882,800,Necrozma Dusk Mane Necrozma,Psychic Steel,680.0,97.0,157.0,127.0,113.0,109.0,77.0
883,800,Necrozma Dawn Wings Necrozma,Psychic Ghost,680.0,97.0,113.0,109.0,157.0,127.0,77.0
884,800,Necrozma Ultra Necrozma,Psychic Dragon,754.0,97.0,167.0,97.0,167.0,97.0,129.0
885,801,Magearna,Steel Fairy,600.0,80.0,95.0,115.0,130.0,115.0,65.0
886,802,Marshadow,Fighting Ghost,600.0,90.0,125.0,80.0,90.0,90.0,125.0
887,803,Poipole,Poison ,420.0,67.0,73.0,67.0,73.0,67.0,73.0
888,804,Naganadel,Poison Dragon,540.0,73.0,73.0,73.0,127.0,73.0,121.0
889,805,Stakataka,Rock Steel,570.0,61.0,131.0,211.0,53.0,101.0,13.0
890,806,Blacephalon,Fire Ghost,570.0,53.0,127.0,53.0,151.0,79.0,107.0
891,807,Zeraora,Electric ,600.0,88.0,112.0,75.0,102.0,80.0,143.0
892,808,Meltan,Steel ,300.0,46.0,65.0,65.0,55.0,35.0,34.0
893,809,Melmetal,Steel ,600.0,135.0,143.0,143.0,80.0,65.0,34.0
894,810,Grookey,Grass ,310.0,50.0,65.0,50.0,40.0,40.0,65.0
895,811,Thwackey,Grass ,420.0,70.0,85.0,70.0,55.0,60.0,80.0
896,812,Rillaboom,Grass ,530.0,100.0,125.0,90.0,60.0,70.0,85.0
897,813,Scorbunny,Fire ,310.0,50.0,71.0,40.0,40.0,40.0,69.0
898,814,Raboot,Fire ,420.0,65.0,86.0,60.0,55.0,60.0,94.0
899,815,Cinderace,Fire ,530.0,80.0,116.0,75.0,65.0,75.0,119.0
900,816,Sobble,Water ,310.0,50.0,40.0,40.0,70.0,40.0,70.0
901,817,Drizzile,Water ,420.0,65.0,60.0,55.0,95.0,55.0,90.0
902,818,Inteleon,Water ,530.0,70.0,85.0,65.0,125.0,65.0,120.0
903,819,Skwovet,Normal ,275.0,70.0,55.0,55.0,35.0,35.0,25.0
904,820,Greedent,Normal ,460.0,120.0,95.0,95.0,55.0,75.0,20.0
905,821,Rookidee,Flying ,245.0,38.0,47.0,35.0,33.0,35.0,57.0
906,822,Corvisquire,Flying ,365.0,68.0,67.0,55.0,43.0,55.0,77.0
907,823,Corviknight,Flying Steel,495.0,98.0,87.0,105.0,53.0,85.0,67.0
908,824,Blipbug,Bug ,180.0,25.0,20.0,20.0,25.0,45.0,45.0
909,825,Dottler,Bug Psychic,335.0,50.0,35.0,80.0,50.0,90.0,30.0
910,826,Orbeetle,Bug Psychic,505.0,60.0,45.0,110.0,80.0,120.0,90.0
911,827,Nickit,Dark ,245.0,40.0,28.0,28.0,47.0,52.0,50.0
912,828,Thievul,Dark ,455.0,70.0,58.0,58.0,87.0,92.0,90.0
913,829,Gossifleur,Grass ,250.0,40.0,40.0,60.0,40.0,60.0,10.0
914,830,Eldegoss,Grass ,460.0,60.0,50.0,90.0,80.0,120.0,60.0
915,831,Wooloo,Normal ,270.0,42.0,40.0,55.0,40.0,45.0,48.0
916,832,Dubwool,Normal ,490.0,72.0,80.0,100.0,60.0,90.0,88.0
917,833,Chewtle,Water ,284.0,50.0,64.0,50.0,38.0,38.0,44.0
918,834,Drednaw,Water Rock,485.0,90.0,115.0,90.0,48.0,68.0,74.0
919,835,Yamper,Electric ,270.0,59.0,45.0,50.0,40.0,50.0,26.0
920,836,Boltund,Electric ,490.0,69.0,90.0,60.0,90.0,60.0,121.0
921,837,Rolycoly,Rock ,240.0,30.0,40.0,50.0,40.0,50.0,30.0
922,838,Carkol,Rock Fire,410.0,80.0,60.0,90.0,60.0,70.0,50.0
923,839,Coalossal,Rock Fire,510.0,110.0,80.0,120.0,80.0,90.0,30.0
924,840,Applin,Grass Dragon,260.0,40.0,40.0,80.0,40.0,40.0,20.0
925,841,Flapple,Grass Dragon,485.0,70.0,110.0,80.0,95.0,60.0,70.0
926,842,Appletun,Grass Dragon,485.0,110.0,85.0,80.0,100.0,80.0,30.0
927,843,Silicobra,Ground ,315.0,52.0,57.0,75.0,35.0,50.0,46.0
928,844,Sandaconda,Ground ,510.0,72.0,107.0,125.0,65.0,70.0,71.0
929,845,Cramorant,Flying Water,475.0,70.0,85.0,55.0,85.0,95.0,85.0
930,846,Arrokuda,Water ,280.0,41.0,63.0,40.0,40.0,30.0,66.0
931,847,Barraskewda,Water ,490.0,61.0,123.0,60.0,60.0,50.0,136.0
932,848,Toxel,Electric Poison,242.0,40.0,38.0,35.0,54.0,35.0,40.0
933,849,Toxtricity Low Key Form,Electric Poison,502.0,75.0,98.0,70.0,114.0,70.0,75.0
934,849,Toxtricity Amped Form,Electric Poison,502.0,75.0,98.0,70.0,114.0,70.0,75.0
935,850,Sizzlipede,Fire Bug,305.0,50.0,65.0,45.0,50.0,50.0,45.0
936,851,Centiskorch,Fire Bug,525.0,100.0,115.0,65.0,90.0,90.0,65.0
937,852,Clobbopus,Fighting ,310.0,50.0,68.0,60.0,50.0,50.0,32.0
938,853,Grapploct,Fighting ,480.0,80.0,118.0,90.0,70.0,80.0,42.0
939,854,Sinistea,Ghost ,308.0,40.0,45.0,45.0,74.0,54.0,50.0
940,855,Polteageist,Ghost ,508.0,60.0,65.0,65.0,134.0,114.0,70.0
941,856,Hatenna,Psychic ,265.0,42.0,30.0,45.0,56.0,53.0,39.0
942,857,Hattrem,Psychic ,370.0,57.0,40.0,65.0,86.0,73.0,49.0
943,858,Hatterene,Psychic Fairy,510.0,57.0,90.0,95.0,136.0,103.0,29.0
944,859,Impidimp,Dark Fairy,265.0,45.0,45.0,30.0,55.0,40.0,50.0
945,860,Morgrem,Dark Fairy,370.0,65.0,60.0,45.0,75.0,55.0,70.0
946,861,Grimmsnarl,Dark Fairy,510.0,95.0,120.0,65.0,95.0,75.0,60.0
947,862,Obstagoon,Dark Normal,520.0,93.0,90.0,101.0,60.0,81.0,95.0
948,863,Perrserker,Steel ,440.0,70.0,110.0,100.0,50.0,60.0,50.0
949,864,Cursola,Ghost ,510.0,60.0,95.0,50.0,145.0,130.0,30.0
950,865,Sirfetch'd,Fighting ,507.0,62.0,135.0,95.0,68.0,82.0,65.0
951,866,Mr. Rime,Psychic Ice,520.0,80.0,85.0,75.0,110.0,100.0,70.0
952,867,Runerigus,Ground Ghost,483.0,58.0,95.0,145.0,50.0,105.0,30.0
953,868,Milcery,Fairy ,270.0,45.0,40.0,40.0,50.0,61.0,34.0
954,869,Alcremie,Fairy ,495.0,65.0,60.0,75.0,110.0,121.0,64.0
955,870,Falinks,Fighting ,470.0,65.0,100.0,100.0,70.0,60.0,75.0
956,871,Pincurchin,Electric ,435.0,48.0,101.0,95.0,91.0,85.0,15.0
957,872,Snom,Ice Bug,185.0,30.0,25.0,35.0,45.0,30.0,20.0
958,873,Frosmoth,Ice Bug,475.0,70.0,65.0,60.0,125.0,90.0,65.0
959,874,Stonjourner,Rock ,470.0,100.0,125.0,135.0,20.0,20.0,70.0
960,875,Eiscue Ice Face,Ice ,470.0,75.0,80.0,110.0,65.0,90.0,50.0
961,875,Eiscue Noice Face,Ice ,470.0,75.0,80.0,70.0,65.0,50.0,130.0
962,876,Indeedee Male,Psychic Normal,475.0,60.0,65.0,55.0,105.0,95.0,95.0
963,876,Indeedee Female,Psychic Normal,475.0,70.0,55.0,65.0,95.0,105.0,85.0
964,877,Morpeko Full Belly Mode,Electric Dark,436.0,58.0,95.0,58.0,70.0,58.0,97.0
965,877,Morpeko Hangry Mode,Electric Dark,436.0,58.0,95.0,58.0,70.0,58.0,97.0
966,878,Cufant,Steel ,330.0,72.0,80.0,49.0,40.0,49.0,40.0
967,879,Copperajah,Steel ,500.0,122.0,130.0,69.0,80.0,69.0,30.0
968,880,Dracozolt,Electric Dragon,505.0,90.0,100.0,90.0,80.0,70.0,75.0
969,881,Arctozolt,Electric Ice,505.0,90.0,100.0,90.0,90.0,80.0,55.0
970,882,Dracovish,Water Dragon,505.0,90.0,90.0,100.0,70.0,80.0,75.0
971,883,Arctovish,Water Ice,505.0,90.0,90.0,100.0,80.0,90.0,55.0
972,884,Duraludon,Steel Dragon,535.0,70.0,95.0,115.0,120.0,50.0,85.0
973,885,Dreepy,Dragon Ghost,270.0,28.0,60.0,30.0,40.0,30.0,82.0
974,886,Drakloak,Dragon Ghost,410.0,68.0,80.0,50.0,60.0,50.0,102.0
975,887,Dragapult,Dragon Ghost,600.0,88.0,120.0,75.0,100.0,75.0,142.0
976,888,Zacian Crowned Sword,Fairy Steel,720.0,92.0,170.0,115.0,80.0,115.0,148.0
977,888,Zacian Hero of Many Battles,Fairy ,670.0,92.0,130.0,115.0,80.0,115.0,138.0
978,889,Zamazenta Crowned Shield,Fighting Steel,720.0,92.0,130.0,145.0,80.0,145.0,128.0
979,889,Zamazenta Hero of Many Battles,Fighting ,670.0,92.0,130.0,115.0,80.0,115.0,138.0
980,890,Eternatus,Poison Dragon,690.0,140.0,85.0,95.0,145.0,95.0,130.0
981,890,Eternatus Eternamax,Poison Dragon,1125.0,255.0,115.0,250.0,125.0,250.0,130.0
982,891,Kubfu,Fighting ,385.0,60.0,90.0,60.0,53.0,50.0,72.0
983,892,Urshifu Single Strike Style,Fighting Dark,550.0,100.0,130.0,100.0,63.0,60.0,97.0
984,892,Urshifu Rapid Strike Style,Fighting Water,550.0,100.0,130.0,100.0,63.0,60.0,97.0
985,893,Zarude,Dark Grass,600.0,105.0,120.0,105.0,70.0,95.0,105.0
986,894,Regieleki,Electric ,580.0,80.0,100.0,50.0,100.0,50.0,200.0
987,895,Regidrago,Dragon ,580.0,200.0,100.0,50.0,100.0,50.0,80.0
988,896,Glastrier,Ice ,580.0,100.0,145.0,130.0,65.0,110.0,30.0
989,897,Spectrier,Ghost ,580.0,100.0,65.0,60.0,145.0,80.0,130.0
990,898,Calyrex,Psychic Grass,500.0,100.0,80.0,80.0,80.0,80.0,80.0
991,898,Calyrex Ice Rider,Psychic Ice,680.0,100.0,165.0,150.0,85.0,130.0,50.0
992,898,Calyrex Shadow Rider,Psychic Ghost,680.0,100.0,85.0,80.0,165.0,100.0,150.0
